,year,country_code,tx_resistance,tx_resistance_int,number_nets,country_name_y,reported_deaths,incidence
0,2012,BGD,Yes,1.0,0.0,Bangladesh,11.0,64.6340574
1,2012,BEN,Yes,1.0,0.0,Benin,2261.0,30769.273680000002
2,2011,GHA,Yes,1.0,1200.0,Ghana,3259.0,35107.9251
3,2011,GHA,Yes,1.0,300.0,Ghana,3259.0,35107.9251
5,2009,TGO,Yes,1.0,0.0,Togo,1556.0,40368.92827
6,2009,VNM,Yes,1.0,0.0,Viet Nam,26.0,37.4166259
7,2001,IND,Yes,1.0,0.0,India,1015.0,2266.171766
11,2008,SEN,Yes,1.0,4000.0,Senegal,741.0,10956.26252
12,2010,SDN,Yes,1.0,0.0,Sudan,1023.0,3181.8359370000003
16,2007,BLZ,Not tested/reported,0.0,0.0,Belize,0.0,434.89325729999996
18,2004,CAF,Not tested/reported,0.0,0.0,Central African Republic,859.0,42555.14685
19,2012,CAF,Not tested/reported,0.0,0.0,Central African Republic,1442.0,33198.01456
21,2009,DJI,Not tested/reported,0.0,0.0,Djibouti,0.0,216.98635910000002
22,2006,GTM,Not tested/reported,0.0,0.0,Guatemala,2.0,491.17965030000005
23,2009,GTM,Not tested/reported,0.0,0.0,Guatemala,0.0,205.1585115
26,2006,MEX,Not tested/reported,0.0,0.0,Mexico,0.0,3.516022478
27,2000,MMR,Not tested/reported,0.0,0.0,Myanmar,2556.0,1346.5534619999999
28,2002,PNG,Not tested/reported,0.0,0.0,Papua New Guinea,647.0,29080.905319999998
29,2003,PRY,Not tested/reported,0.0,0.0,Paraguay,0.0,0.0
30,2006,PER,Not tested/reported,0.0,0.0,Peru,6.0,396.7077671
31,2012,SLE,Not tested/reported,0.0,0.0,Sierra Leone,3611.0,40486.753619999996
33,2006,TJK,Not tested/reported,0.0,0.0,Tajikistan,0.0,684.8341958
34,2010,TJK,Not tested/reported,0.0,0.0,Tajikistan,0.0,1.4890165359999998
35,2008,UZB,Not tested/reported,0.0,0.0,Uzbekistan,0.0,0.015605417
36,2011,UZB,Not tested/reported,0.0,0.0,Uzbekistan,0.0,3.32e-18
38,2013,DZA,Not tested/reported,0.0,0.0,Algeria,3.0,0.039069381
39,2011,BWA,Not tested/reported,0.0,0.0,Botswana,8.0,88.95249123
40,2013,BRA,Not tested/reported,0.0,0.0,Brazil,41.0,191.9065365
41,2005,CHN,Not tested/reported,0.0,0.0,China,48.0,3.836583544
43,2012,DJI,Not tested/reported,0.0,0.0,Djibouti,0.0,401.2943529
44,2001,ECU,Not tested/reported,0.0,0.0,Ecuador,84.0,1050.674501
45,2003,SLV,Not tested/reported,0.0,0.0,El Salvador,0.0,0.6648349410000001
46,2000,GUY,Not tested/reported,0.0,0.0,Guyana,29.0,6980.35503
47,2013,GUY,Not tested/reported,0.0,0.0,Guyana,14.0,3404.617311
48,2006,LBR,Not tested/reported,0.0,0.0,Liberia,877.0,37236.29806
50,2007,MMR,Not tested/reported,0.0,0.0,Myanmar,1261.0,1546.936565
51,2006,NAM,Not tested/reported,0.0,3000.0,Namibia,571.0,1845.7968809999998
52,2006,NAM,Not tested/reported,0.0,3500.0,Namibia,571.0,1845.7968809999998
53,2006,NAM,Not tested/reported,0.0,3100.0,Namibia,571.0,1845.7968809999998
54,2006,NAM,Not tested/reported,0.0,3000.0,Namibia,571.0,1845.7968809999998
55,2003,PNG,Not tested/reported,0.0,0.0,Papua New Guinea,537.0,28386.83063
56,2006,PRY,Not tested/reported,0.0,0.0,Paraguay,0.0,0.0
57,2012,CIV,Yes,1.0,0.0,Cook Islands,1534.0,36075.76356
58,2011,ECU,Yes,1.0,0.0,Ecuador,2.0,12.95476117
59,2009,PAN,Yes,1.0,0.0,Panama,0.0,22.23838176
60,2009,SEN,Yes,1.0,13450.0,Senegal,574.0,10300.6947
61,2009,SEN,Yes,1.0,40000.0,Senegal,574.0,10300.6947
62,2009,SEN,Yes,1.0,6550.0,Senegal,574.0,10300.6947
64,2009,CHN,Yes,1.0,0.0,China,10.0,1.558454628
68,2003,VNM,Yes,1.0,0.0,Viet Nam,50.0,99.57561392
70,2010,CHN,Yes,1.0,0.0,China,19.0,1.266875655
72,2007,ARG,Not tested/reported,0.0,0.0,Argentina,0.0,0.249306405
73,2000,AZE,Not tested/reported,0.0,0.0,Azerbaijan,0.0,2.439749496
74,2006,BOL,Not tested/reported,0.0,0.0,Bolivia (Plurinational State of),0.0,297.3726391
75,2004,BWA,Not tested/reported,0.0,0.0,Botswana,19.0,74.23313325
76,2003,TCD,Not tested/reported,0.0,0.0,Chad,1021.0,18951.19802
77,2011,COM,Not tested/reported,0.0,0.0,Comoros,19.0,6584.120454
78,2011,DOM,Not tested/reported,0.0,0.0,Dominican Republic,10.0,19.46896081
79,2011,SLV,Not tested/reported,0.0,0.0,El Salvador,0.0,5.2e-17
80,2012,GNQ,Not tested/reported,0.0,0.0,Equatorial Guinea,77.0,26363.095680000002
81,2011,GUY,Not tested/reported,0.0,0.0,Guyana,36.0,3106.769639
82,2004,HTI,Not tested/reported,0.0,0.0,Haiti,24.0,1119.095618
83,2005,LBR,Not tested/reported,0.0,0.0,Liberia,41.0,38499.80415
85,2000,NIC,Not tested/reported,0.0,0.0,Nicaragua,4.0,955.9333029
86,2008,NER,Not tested/reported,0.0,0.0,Niger,2461.0,37785.15725
87,2012,PER,Not tested/reported,0.0,0.0,Peru,7.0,235.9558662
89,2006,LKA,Not tested/reported,0.0,0.0,Sri Lanka,1.0,15.16591775
90,2002,SDN,Not tested/reported,0.0,0.0,Sudan,2125.0,6618.678116
91,2001,TUR,Not tested/reported,0.0,0.0,Turkey,0.0,12.36757208
92,2013,TUR,Not tested/reported,0.0,0.0,Turkey,3.0,3.899999999999999e-49
96,2003,AZE,Not tested/reported,0.0,0.0,Azerbaijan,0.0,1.732124851
97,2012,AZE,Not tested/reported,0.0,0.0,Azerbaijan,0.0,1.31e-32
98,2006,KHM,Not tested/reported,0.0,0.0,Cambodia,396.0,936.4815609
99,2001,CHN,Not tested/reported,0.0,0.0,China,27.0,5.778940955
102,2003,GAB,Not tested/reported,0.0,0.0,Gabon,692.0,20888.672769999997
107,2001,MMR,Not tested/reported,0.0,0.0,Myanmar,2814.0,1347.416334
109,2005,PAN,Not tested/reported,0.0,0.0,Panama,1.0,151.0234111
111,2000,PRY,Not tested/reported,0.0,0.0,Paraguay,0.0,0.0
112,2009,BFA,Yes,1.0,1500.0,Burkina Faso,7982.0,54375.32431
113,2009,BFA,Yes,1.0,2000.0,Burkina Faso,7982.0,54375.32431
114,2009,BFA,Yes,1.0,40000.0,Burkina Faso,7982.0,54375.32431
115,2012,KEN,Yes,1.0,0.0,Kenya,785.0,6655.115268
116,2011,PAK,Yes,1.0,0.0,Pakistan,4.0,1094.14846
118,2009,BEN,Yes,1.0,0.0,Benin,1375.0,32836.849369999996
119,2010,IND,Yes,1.0,0.0,India,1018.0,1680.9402670000002
120,2010,KEN,Yes,1.0,0.0,Kenya,26017.0,6707.072572
121,2011,UGA,Yes,1.0,700.0,Uganda,5958.0,35819.00935
122,2011,UGA,Yes,1.0,870.0,Uganda,5958.0,35819.00935
123,2011,UGA,Yes,1.0,1400.0,Uganda,5958.0,35819.00935
124,2011,UGA,Yes,1.0,1300.0,Uganda,5958.0,35819.00935
125,2011,UGA,Yes,1.0,1300.0,Uganda,5958.0,35819.00935
126,2011,UGA,Yes,1.0,2830.0,Uganda,5958.0,35819.00935
127,2004,LKA,Yes,1.0,0.0,Sri Lanka,1.0,33.04494425
128,2013,BEN,Yes,1.0,0.0,Benin,2288.0,30500.37741
129,2010,ARG,Not tested/reported,0.0,0.0,Argentina,0.0,0.062331748
130,2004,AZE,Not tested/reported,0.0,0.0,Azerbaijan,0.0,1.5681215730000002
131,2006,AZE,Not tested/reported,0.0,0.0,Azerbaijan,0.0,1.163963913
132,2002,BRA,Not tested/reported,0.0,0.0,Brazil,95.0,1262.853343
134,2013,CHN,Not tested/reported,0.0,0.0,China,23.0,0.0038229640000000003
135,2003,ECU,Not tested/reported,0.0,0.0,Ecuador,46.0,500.1557217
136,2009,ECU,Not tested/reported,0.0,0.0,Ecuador,6.0,27.86863823
138,2008,MYS,Not tested/reported,0.0,0.0,Malaysia,30.0,39.75287787
140,2004,NIC,Not tested/reported,0.0,0.0,Nicaragua,1.0,269.7600839
141,2006,NIC,Not tested/reported,0.0,0.0,Nicaragua,1.0,120.1319065
142,2000,PER,Not tested/reported,0.0,0.0,Peru,20.0,561.6568206000001
143,2008,PER,Not tested/reported,0.0,0.0,Peru,2.0,281.11709160000004
146,2001,SUR,Not tested/reported,0.0,0.0,Suriname,23.0,3815.9771200000005
149,2013,BGD,Not tested/reported,0.0,0.0,Bangladesh,15.0,45.21698358
150,2006,BLZ,Not tested/reported,0.0,0.0,Belize,1.0,777.4704688999999
151,2011,BFA,Not tested/reported,0.0,0.0,Burkina Faso,7001.0,52614.70156
152,2001,BDI,Not tested/reported,0.0,0.0,Burundi,417.0,36939.254219999995
153,2003,CHN,Not tested/reported,0.0,0.0,China,52.0,4.634074814
154,2003,COL,Not tested/reported,0.0,0.0,Colombia,118.0,666.5110354
156,2006,DOM,Not tested/reported,0.0,0.0,Dominican Republic,10.0,61.20546121
157,2002,ETH,Not tested/reported,0.0,0.0,Ethiopia,1607.0,8232.710571
158,2010,GAB,Not tested/reported,0.0,0.0,Gabon,182.0,19011.48586
159,2009,HTI,Not tested/reported,0.0,0.0,Haiti,7.0,1999.9312760000003
160,2004,HND,Not tested/reported,0.0,0.0,Honduras,0.0,411.14548439999993
162,2012,NIC,Not tested/reported,0.0,0.0,Nicaragua,2.0,21.78255088
163,2005,NER,Not tested/reported,0.0,0.0,Niger,2060.0,34349.35179
165,2009,STP,Not tested/reported,0.0,0.0,Sao Tome and Principe,23.0,6489.414531
166,2007,GHA,Yes,1.0,5200.0,Ghana,4622.0,35896.71909
167,2007,GHA,Yes,1.0,10000.0,Ghana,4622.0,35896.71909
168,2013,GHA,Yes,1.0,0.0,Ghana,2506.0,32763.55783
170,2013,UGA,Yes,1.0,2100.0,Uganda,7277.0,27901.25283
177,2006,SDN,Yes,1.0,5000.0,Sudan,1193.0,5352.673874
179,2009,BOL,Not tested/reported,0.0,0.0,Bolivia (Plurinational State of),0.0,145.0217033
181,2001,TCD,Not tested/reported,0.0,0.0,Chad,957.0,18475.84369
182,2002,CHN,Not tested/reported,0.0,0.0,China,42.0,5.14998903
185,2004,GTM,Not tested/reported,0.0,0.0,Guatemala,2.0,826.1650002
186,2013,GTM,Not tested/reported,0.0,0.0,Guatemala,1.0,79.89971326
187,2008,IDN,Not tested/reported,0.0,0.0,Indonesia,669.0,717.4651261
188,2012,IDN,Not tested/reported,0.0,0.0,Indonesia,252.0,506.21425
190,2010,MRT,Not tested/reported,0.0,0.0,Mauritania,211.0,3973.457571
191,2007,PAN,Not tested/reported,0.0,0.0,Panama,1.0,57.86747883
192,2001,PRY,Not tested/reported,0.0,0.0,Paraguay,0.0,0.0
193,2002,SAU,Not tested/reported,0.0,0.0,Saudi Arabia,0.0,0.0
194,2003,SLE,Not tested/reported,0.0,0.0,Sierra Leone,157.0,40685.93204
195,2010,LKA,Not tested/reported,0.0,0.0,Sri Lanka,0.0,6.851666816
196,2003,SDN,Not tested/reported,0.0,0.0,Sudan,2479.0,6445.756281
197,2013,UZB,Not tested/reported,0.0,0.0,Uzbekistan,0.0,3.59e-49
198,2009,VUT,Not tested/reported,0.0,0.0,Vanuatu,2.0,11676.76574
199,2006,BGD,Not tested/reported,0.0,0.0,Bangladesh,508.0,454.14009689999995
200,2009,BGD,Not tested/reported,0.0,0.0,Bangladesh,47.0,180.24477230000002
201,2005,BWA,Not tested/reported,0.0,0.0,Botswana,11.0,50.79513538
202,2012,BWA,Not tested/reported,0.0,0.0,Botswana,3.0,60.49860747
204,2013,ECU,Not tested/reported,0.0,0.0,Ecuador,4.0,8.169738452999999
205,2002,SLV,Not tested/reported,0.0,0.0,El Salvador,0.0,0.7169128159999999
206,2003,GIN,Not tested/reported,0.0,0.0,Guinea,586.0,40773.25487
207,2005,GIN,Not tested/reported,0.0,0.0,Guinea,490.0,41099.91583
208,2004,IDN,Not tested/reported,0.0,0.0,Indonesia,508.0,628.3236299
211,2003,MYS,Not tested/reported,0.0,0.0,Malaysia,21.0,87.95658756
212,2003,NPL,Not tested/reported,0.0,0.0,Nepal,5.0,195.7564007
213,2012,NPL,Not tested/reported,0.0,0.0,Nepal,0.0,50.89666009
214,2001,PER,Not tested/reported,0.0,0.0,Peru,25.0,542.4364466
215,2006,BDI,Yes,1.0,0.0,Burundi,434.0,24817.4301
216,2003,KHM,Yes,1.0,0.0,Cambodia,492.0,1748.8586269999998
218,2006,COL,Yes,1.0,0.0,Colombia,77.0,461.76660250000003
219,2008,CIV,Yes,1.0,0.0,Cook Islands,1249.0,47658.91602
220,2006,UGA,Yes,1.0,2000.0,Uganda,4252.0,43874.95177
221,2006,UGA,Yes,1.0,10000.0,Uganda,4252.0,43874.95177
222,2009,TZA,Yes,1.0,650.0,United Republic of Tanzania,16776.0,16821.24018
225,2007,AFG,Not tested/reported,0.0,0.0,Afghanistan,25.0,2615.084251
227,2005,BTN,Not tested/reported,0.0,0.0,Bhutan,5.0,458.5244938999999
228,2003,BWA,Not tested/reported,0.0,0.0,Botswana,18.0,108.4796447
229,2004,COL,Not tested/reported,0.0,0.0,Colombia,126.0,581.2775052000001
231,2006,ECU,Not tested/reported,0.0,0.0,Ecuador,9.0,139.2461342
232,2000,SLV,Not tested/reported,0.0,0.0,El Salvador,0.0,0.83104632
233,2010,GNB,Not tested/reported,0.0,0.0,Guinea-Bissau,296.0,9055.800875
234,2003,GUY,Not tested/reported,0.0,0.0,Guyana,44.0,6055.815334000001
236,2009,NIC,Not tested/reported,0.0,0.0,Nicaragua,0.0,27.36402617
240,2011,SLB,Not tested/reported,0.0,0.0,Solomon Islands,19.0,15110.38386
241,2012,ZAF,Not tested/reported,0.0,0.0,South Africa,72.0,337.6797875
242,2005,TUR,Not tested/reported,0.0,0.0,Turkey,0.0,2.948762665
243,2003,TZA,Not tested/reported,0.0,0.0,United Republic of Tanzania,15251.0,27205.63107
244,2002,ARG,Not tested/reported,0.0,0.0,Argentina,0.0,0.9020939859999999
245,2009,ARG,Not tested/reported,0.0,0.0,Argentina,0.0,0.098882314
246,2007,BRA,Not tested/reported,0.0,0.0,Brazil,93.0,596.6255808999999
248,2007,COL,Not tested/reported,0.0,0.0,Colombia,68.0,420.56709639999997
249,2010,COL,Not tested/reported,0.0,0.0,Colombia,42.0,317.9121256
250,2010,DOM,Not tested/reported,0.0,0.0,Dominican Republic,15.0,24.67019812
251,2005,ECU,Not tested/reported,0.0,0.0,Ecuador,22.0,238.20417
252,2012,GUY,Not tested/reported,0.0,0.0,Guyana,35.0,3254.619039
253,2007,HTI,Not tested/reported,0.0,0.0,Haiti,28.0,1479.26123
256,2010,NER,Not tested/reported,0.0,0.0,Niger,3929.0,40225.40847
257,2009,NGA,Not tested/reported,0.0,0.0,Nigeria,7522.0,35535.56957
259,2005,RWA,Not tested/reported,0.0,0.0,Rwanda,2581.0,34005.07656
261,2008,TGO,Not tested/reported,0.0,500.0,Togo,2663.0,41527.31257
262,2000,TUR,Not tested/reported,0.0,0.0,Turkey,0.0,17.68657754
263,2012,GHA,Yes,1.0,0.0,Ghana,2855.0,33942.6852
264,2011,KEN,Yes,1.0,2500.0,Kenya,713.0,6661.415336
266,2007,TZA,Yes,1.0,2020.0,United Republic of Tanzania,12593.0,20196.04189
267,2009,GHA,Yes,1.0,1000.0,Ghana,3378.0,36134.81426
268,2012,RWA,Yes,1.0,0.0,Rwanda,459.0,14839.13858
269,2010,BFA,Yes,1.0,0.0,Burkina Faso,9024.0,54777.43819
272,2004,BFA,Not tested/reported,0.0,0.0,Burkina Faso,4205.0,52995.2287
273,2013,BDI,Not tested/reported,0.0,0.0,Burundi,3411.0,17270.35605
275,2009,CIV,Not tested/reported,0.0,0.0,Cook Islands,18156.0,46972.45721
276,2004,ETH,Not tested/reported,0.0,0.0,Ethiopia,3327.0,8443.438715
277,2006,IDN,Not tested/reported,0.0,0.0,Indonesia,494.0,677.3448775
284,2008,STP,Not tested/reported,0.0,0.0,Sao Tome and Principe,16.0,8104.714554000001
285,2011,ZAF,Not tested/reported,0.0,0.0,South Africa,54.0,311.82495389999997
287,2009,TUR,Not tested/reported,0.0,0.0,Turkey,1.0,0.041643674
289,2011,DZA,Not tested/reported,0.0,0.0,Algeria,1.0,0.033010491
290,2003,BTN,Not tested/reported,0.0,0.0,Bhutan,14.0,889.6964061000001
291,2010,BTN,Not tested/reported,0.0,0.0,Bhutan,2.0,76.82286517
294,2010,GNQ,Not tested/reported,0.0,0.0,Equatorial Guinea,30.0,24390.178659999998
295,2003,ETH,Not tested/reported,0.0,0.0,Ethiopia,2138.0,8335.572369
296,2011,HTI,Not tested/reported,0.0,20000.0,Haiti,5.0,1753.149668
297,2001,MYS,Not tested/reported,0.0,0.0,Malaysia,46.0,131.9527959
298,2009,MYS,Not tested/reported,0.0,0.0,Malaysia,26.0,34.87361425
300,2001,PAN,Not tested/reported,0.0,0.0,Panama,1.0,83.72932101
301,2009,PHL,Not tested/reported,0.0,0.0,Philippines,24.0,47.87906668
304,2008,SDN,Not tested/reported,0.0,0.0,Sudan,1125.0,4123.686662
305,2006,SUR,Not tested/reported,0.0,0.0,Suriname,1.0,1887.341088
306,2010,UZB,Not tested/reported,0.0,0.0,Uzbekistan,0.0,0.011101605
307,2001,RWA,Not tested/reported,0.0,0.0,Rwanda,4275.0,19165.32398
308,2001,STP,Not tested/reported,0.0,0.0,Sao Tome and Principe,248.0,19615.39235
309,2008,SUR,Not tested/reported,0.0,0.0,Suriname,0.0,1275.1404619999998
310,2001,SWZ,Not tested/reported,0.0,0.0,Swaziland,62.0,200.6298502
311,2004,UZB,Not tested/reported,0.0,0.0,Uzbekistan,0.0,0.029211489
312,2006,VUT,Not tested/reported,0.0,0.0,Vanuatu,1.0,22663.021
313,2000,DZA,Not tested/reported,0.0,0.0,Algeria,2.0,0.157949897
315,2004,BOL,Not tested/reported,0.0,0.0,Bolivia (Plurinational State of),3.0,435.2108573
317,2012,KHM,Not tested/reported,0.0,0.0,Cambodia,45.0,432.4630829
321,2012,SLV,Not tested/reported,0.0,0.0,El Salvador,0.0,9.32e-33
323,2006,GNB,Not tested/reported,0.0,0.0,Guinea-Bissau,507.0,11103.94828
325,2002,NAM,Not tested/reported,0.0,0.0,Namibia,1504.0,4659.656693999999
326,2013,NAM,Not tested/reported,0.0,0.0,Namibia,21.0,211.93907009999998
327,2013,PAN,Not tested/reported,0.0,0.0,Panama,0.0,13.45844728
328,2006,PNG,Not tested/reported,0.0,0.0,Papua New Guinea,668.0,23766.795309999998
329,2011,STP,Not tested/reported,0.0,0.0,Sao Tome and Principe,19.0,4008.459315
330,2001,SLE,Not tested/reported,0.0,0.0,Sierra Leone,328.0,40410.84129
331,2009,SWZ,Not tested/reported,0.0,0.0,Swaziland,13.0,69.76596797
332,2010,ZWE,Not tested/reported,0.0,0.0,Zimbabwe,255.0,12866.27752
333,2008,DZA,Not tested/reported,0.0,0.0,Algeria,0.0,0.019380283999999998
334,2001,BOL,Not tested/reported,0.0,0.0,Bolivia (Plurinational State of),0.0,665.4849709
337,2009,GNQ,Not tested/reported,0.0,0.0,Equatorial Guinea,23.0,27115.22163
338,2005,GUY,Not tested/reported,0.0,0.0,Guyana,33.0,5509.709443
340,2001,MDG,Not tested/reported,0.0,0.0,Madagascar,742.0,19383.39788
341,2001,MEX,Not tested/reported,0.0,0.0,Mexico,0.0,10.67855796
342,2010,MEX,Not tested/reported,0.0,0.0,Mexico,0.0,1.666136628
344,2010,PER,Not tested/reported,0.0,0.0,Peru,0.0,199.05277990000002
348,2007,UGA,Not tested/reported,0.0,4000.0,Uganda,7003.0,43068.90199
349,2007,UGA,Not tested/reported,0.0,10000.0,Uganda,7003.0,43068.90199
350,2007,UGA,Not tested/reported,0.0,4500.0,Uganda,7003.0,43068.90199
351,2007,UGA,Not tested/reported,0.0,8400.0,Uganda,7003.0,43068.90199
352,2007,UZB,Not tested/reported,0.0,0.0,Uzbekistan,1.0,0.018564033
353,2003,VUT,Not tested/reported,0.0,0.0,Vanuatu,14.0,27658.710089999997
355,2009,BWA,Not tested/reported,0.0,0.0,Botswana,6.0,108.28786399999998
360,2008,ERI,Not tested/reported,0.0,0.0,Eritrea,19.0,1026.365364
361,2005,HND,Not tested/reported,0.0,0.0,Honduras,1.0,342.1173687
362,2000,IND,Not tested/reported,0.0,0.0,India,892.0,2327.176321
363,2007,MDG,Not tested/reported,0.0,11000.0,Madagascar,428.0,16008.28185
364,2004,MYS,Not tested/reported,0.0,0.0,Malaysia,35.0,71.85017571
368,2002,SEN,Not tested/reported,0.0,0.0,Senegal,1226.0,18517.107180000003
369,2009,LKA,Not tested/reported,0.0,0.0,Sri Lanka,1.0,8.35295587
370,2011,TLS,Not tested/reported,0.0,0.0,Timor-Leste,16.0,2752.566391
374,2005,BRA,Not tested/reported,0.0,0.0,Brazil,123.0,993.1557050000001
375,2005,COM,Not tested/reported,0.0,0.0,Comoros,92.0,4989.933503
377,2009,DOM,Not tested/reported,0.0,0.0,Dominican Republic,14.0,30.939571899999997
379,2008,GUY,Not tested/reported,0.0,0.0,Guyana,11.0,3797.539184
380,2007,LBR,Not tested/reported,0.0,0.0,Liberia,310.0,35974.800339999994
381,2004,MDG,Not tested/reported,0.0,0.0,Madagascar,715.0,21610.33233
382,2013,MEX,Not tested/reported,0.0,0.0,Mexico,0.0,0.716563125
383,2012,MOZ,Not tested/reported,0.0,0.0,Mozambique,2818.0,34313.92921
384,2005,PAK,Not tested/reported,0.0,0.0,Pakistan,52.0,1422.097452
385,2010,PHL,Not tested/reported,0.0,0.0,Philippines,30.0,39.83681305
386,2012,BFA,Yes,1.0,0.0,Burkina Faso,7963.0,50460.307089999995
388,2004,GHA,Yes,1.0,0.0,Ghana,1575.0,36504.007110000006
389,2013,BFA,Yes,1.0,0.0,Burkina Faso,6294.0,48335.12965
390,2011,TCD,Yes,1.0,0.0,Chad,1220.0,15215.2938
391,2011,CIV,Yes,1.0,0.0,Cook Islands,1389.0,40828.85397
393,2005,AGO,Not tested/reported,0.0,0.0,Angola,13768.0,26660.582130000003
394,2013,ARG,Not tested/reported,0.0,0.0,Argentina,0.0,8.14e-49
395,2004,BLZ,Not tested/reported,0.0,0.0,Belize,1.0,1519.881811
396,2006,COM,Not tested/reported,0.0,0.0,Comoros,56.0,5943.967899
397,2013,COM,Not tested/reported,0.0,0.0,Comoros,15.0,1980.146495
401,2004,GIN,Not tested/reported,0.0,0.0,Guinea,528.0,40951.45786
402,2007,GIN,Not tested/reported,0.0,0.0,Guinea,472.0,40521.308710000005
403,2003,IND,Not tested/reported,0.0,0.0,India,1006.0,2220.371419
404,2005,NAM,Not tested/reported,0.0,0.0,Namibia,1325.0,3641.569647
405,2004,PAN,Not tested/reported,0.0,0.0,Panama,2.0,130.2156974
406,2000,PNG,Not tested/reported,0.0,0.0,Papua New Guinea,617.0,30579.26835
408,2002,ZAF,Not tested/reported,0.0,0.0,South Africa,96.0,643.4281317000001
409,2013,SWZ,Not tested/reported,0.0,0.0,Swaziland,4.0,40.17399886
410,2011,VUT,Not tested/reported,0.0,0.0,Vanuatu,1.0,5647.7167850000005
414,2009,BDI,Not tested/reported,0.0,20000.0,Burundi,1183.0,21737.92415
415,2013,KHM,Not tested/reported,0.0,0.0,Cambodia,12.0,387.76292810000007
417,2004,SLV,Not tested/reported,0.0,0.0,El Salvador,0.0,0.616096353
418,2001,ERI,Not tested/reported,0.0,0.0,Eritrea,133.0,2475.920255
419,2010,GIN,Not tested/reported,0.0,0.0,Guinea,735.0,39586.56594
420,2000,MYS,Not tested/reported,0.0,0.0,Malaysia,35.0,161.78296730000002
422,2007,MEX,Not tested/reported,0.0,0.0,Mexico,0.0,2.763931398
424,2006,MMR,Not tested/reported,0.0,0.0,Myanmar,1647.0,1447.002294
425,2012,PRY,Not tested/reported,0.0,0.0,Paraguay,0.0,0.0
426,2011,AFG,Yes,1.0,0.0,Afghanistan,40.0,985.4917497000001
428,2013,TCD,Yes,1.0,0.0,Chad,1881.0,14647.34358
429,2010,SEN,Yes,1.0,12750.0,Senegal,553.0,9681.772356
430,2010,SEN,Yes,1.0,1000.0,Senegal,553.0,9681.772356
431,2011,SDN,Yes,1.0,0.0,Sudan,612.0,3187.82088
434,2013,TZA,Yes,1.0,0.0,United Republic of Tanzania,8528.0,13791.005680000002
435,2012,ETH,Yes,1.0,0.0,Ethiopia,1621.0,1068.0615990000001
436,2004,SDN,Yes,1.0,0.0,Sudan,1814.0,6272.665277
437,2010,DZA,Not tested/reported,0.0,0.0,Algeria,5.0,0.030354926
438,2007,AGO,Not tested/reported,0.0,10450.0,Angola,9812.0,20382.67078
439,2006,BRA,Not tested/reported,0.0,0.0,Brazil,110.0,762.5981471
441,2010,KHM,Not tested/reported,0.0,0.0,Cambodia,151.0,536.3413154
442,2002,ERI,Not tested/reported,0.0,0.0,Eritrea,86.0,1701.929199
443,2011,ERI,Not tested/reported,0.0,0.0,Eritrea,12.0,1351.998193
444,2000,GIN,Not tested/reported,0.0,0.0,Guinea,626.0,40098.876339999995
445,2010,GUY,Not tested/reported,0.0,0.0,Guyana,24.0,2963.082112
447,2005,MEX,Not tested/reported,0.0,0.0,Mexico,0.0,4.655145962
448,2010,MMR,Not tested/reported,0.0,0.0,Myanmar,788.0,1893.6481350000001
449,2012,NAM,Not tested/reported,0.0,0.0,Namibia,4.0,176.16318930000003
450,2013,NPL,Not tested/reported,0.0,0.0,Nepal,0.0,54.46018189
452,2012,STP,Not tested/reported,0.0,0.0,Sao Tome and Principe,7.0,3068.740952
453,2009,SAU,Not tested/reported,0.0,0.0,Saudi Arabia,0.0,0.0
454,2005,SLE,Not tested/reported,0.0,0.0,Sierra Leone,50.0,41391.68159
455,2003,ZAF,Not tested/reported,0.0,0.0,South Africa,142.0,621.1930842
456,2001,TZA,Not tested/reported,0.0,0.0,United Republic of Tanzania,1228.0,30530.76653
457,2006,TZA,Not tested/reported,0.0,0.0,United Republic of Tanzania,20962.0,22153.61259
461,2002,BDI,Not tested/reported,0.0,0.0,Burundi,483.0,33648.44988
464,2002,DOM,Not tested/reported,0.0,0.0,Dominican Republic,11.0,42.48071201
467,2003,MDG,Not tested/reported,0.0,0.0,Madagascar,817.0,20846.19608
468,2002,MEX,Not tested/reported,0.0,0.0,Mexico,0.0,8.143937073
469,2002,PRY,Not tested/reported,0.0,0.0,Paraguay,0.0,0.0
470,2010,PRY,Not tested/reported,0.0,0.0,Paraguay,0.0,0.0
472,2006,VNM,Yes,1.0,0.0,Viet Nam,41.0,46.6652169
474,2010,MDG,Yes,1.0,0.0,Madagascar,427.0,9810.490018999999
475,2012,MDG,Yes,1.0,0.0,Madagascar,552.0,9142.642446
476,2005,MEX,Yes,1.0,0.0,Mexico,0.0,4.655145962
478,2001,LKA,Yes,1.0,0.0,Sri Lanka,52.0,381.03386439999997
479,2008,BFA,Yes,1.0,3750.0,Burkina Faso,7834.0,53919.07106
481,2008,SDN,Yes,1.0,0.0,Sudan,1125.0,4123.686662
482,2013,AFG,Not tested/reported,0.0,0.0,Afghanistan,24.0,1070.7785800000001
483,2008,BDI,Not tested/reported,0.0,0.0,Burundi,595.0,22705.7762
485,2007,TCD,Not tested/reported,0.0,0.0,Chad,617.0,17764.16929
486,2000,CHN,Not tested/reported,0.0,0.0,China,31.0,6.563446602999999
487,2006,SLV,Not tested/reported,0.0,0.0,El Salvador,0.0,0.505430677
490,2007,NAM,Not tested/reported,0.0,0.0,Namibia,181.0,935.7653767
491,2011,NPL,Not tested/reported,0.0,0.0,Nepal,2.0,47.77952424
492,2013,SOM,Not tested/reported,0.0,0.0,Somalia,23.0,3871.7912520000004
495,2012,DZA,Not tested/reported,0.0,0.0,Algeria,0.0,0.03591078
496,2009,AZE,Not tested/reported,0.0,0.0,Azerbaijan,0.0,0.6372355989999999
497,2005,BGD,Not tested/reported,0.0,0.0,Bangladesh,501.0,617.9693175
498,2010,BDI,Not tested/reported,0.0,0.0,Burundi,2677.0,20812.12458
500,2009,KHM,Not tested/reported,0.0,0.0,Cambodia,279.0,616.8677932999999
502,2005,TCD,Not tested/reported,0.0,0.0,Chad,558.0,19461.19215
503,2002,ECU,Not tested/reported,0.0,0.0,Ecuador,64.0,724.8530811
504,2010,ECU,Not tested/reported,0.0,0.0,Ecuador,4.0,16.32156089
507,2002,KEN,Not tested/reported,0.0,0.0,Kenya,47697.0,17237.98322
509,2000,MDG,Not tested/reported,0.0,0.0,Madagascar,591.0,18674.64997
510,2012,PAK,Not tested/reported,0.0,0.0,Pakistan,260.0,939.0009115
511,2009,PNG,Not tested/reported,0.0,20000.0,Papua New Guinea,604.0,16082.576280000001
514,2011,IDN,Yes,1.0,0.0,Indonesia,388.0,643.5208173
515,2010,LBR,Yes,1.0,0.0,Liberia,1422.0,32664.1802
516,2011,SEN,Yes,1.0,0.0,Senegal,472.0,8956.404243
517,2005,GHA,Yes,1.0,0.0,Ghana,2037.0,35732.654160000006
518,2007,IND,Yes,1.0,0.0,India,1311.0,1956.0175190000002
519,2013,PAK,Yes,1.0,0.0,Pakistan,244.0,806.3115457
521,2002,COL,Not tested/reported,0.0,0.0,Colombia,162.0,764.2572997999999
525,2008,GIN,Not tested/reported,0.0,0.0,Guinea,441.0,40205.28821
526,2011,GIN,Not tested/reported,0.0,0.0,Guinea,743.0,39123.46587
527,2010,HND,Not tested/reported,0.0,0.0,Honduras,3.0,155.406792
528,2000,IDN,Not tested/reported,0.0,0.0,Indonesia,833.0,681.6767345
529,2003,MEX,Not tested/reported,0.0,0.0,Mexico,0.0,6.457277865
531,2008,SLB,Not tested/reported,0.0,0.0,Solomon Islands,21.0,28673.2742
536,2001,ARG,Not tested/reported,0.0,0.0,Argentina,0.0,1.010765481
537,2004,BDI,Not tested/reported,0.0,0.0,Burundi,689.0,28218.20065
538,2007,KHM,Not tested/reported,0.0,10000.0,Cambodia,241.0,817.3631432999999
541,2013,GNQ,Not tested/reported,0.0,0.0,Equatorial Guinea,66.0,27426.749310000003
542,2000,GAB,Not tested/reported,0.0,0.0,Gabon,2016.0,31930.6427
545,2013,KEN,Not tested/reported,0.0,0.0,Kenya,360.0,6689.70799
546,2010,LBR,Not tested/reported,0.0,0.0,Liberia,1422.0,32664.1802
547,2005,MDG,Not tested/reported,0.0,0.0,Madagascar,699.0,22398.842959999998
548,2005,NIC,Not tested/reported,0.0,0.0,Nicaragua,6.0,196.6791517
550,2002,PAN,Not tested/reported,0.0,0.0,Panama,2.0,96.95136745
551,2004,PNG,Not tested/reported,0.0,0.0,Papua New Guinea,619.0,27721.96357
552,2007,CHN,Yes,1.0,0.0,China,18.0,2.4126091869999997
556,2010,GHA,Yes,1.0,0.0,Ghana,3859.0,36287.97794
557,2006,IND,Yes,1.0,0.0,India,1708.0,2096.725548
559,2008,LKA,Yes,1.0,0.0,Sri Lanka,0.0,10.18563444
560,2008,BRA,Not tested/reported,0.0,0.0,Brazil,68.0,474.5237472
563,2005,GAB,Not tested/reported,0.0,0.0,Gabon,353.0,15939.50144
564,2001,GTM,Not tested/reported,0.0,0.0,Guatemala,0.0,1640.599927
565,2002,MYS,Not tested/reported,0.0,0.0,Malaysia,38.0,107.71209820000001
566,2012,MYS,Not tested/reported,0.0,0.0,Malaysia,16.0,8.707315709
567,2011,NAM,Not tested/reported,0.0,0.0,Namibia,36.0,146.53628319999999
569,2004,STP,Not tested/reported,0.0,0.0,Sao Tome and Principe,169.0,17350.77432
571,2002,SLB,Not tested/reported,0.0,0.0,Solomon Islands,61.0,70549.32847000001
573,2000,ARG,Not tested/reported,0.0,0.0,Argentina,0.0,1.128736762
576,2012,TCD,Not tested/reported,0.0,0.0,Chad,1359.0,14929.47135
577,2008,SLV,Not tested/reported,0.0,0.0,El Salvador,0.0,0.39641318
578,2010,SLV,Not tested/reported,0.0,0.0,El Salvador,0.0,0.310377379
579,2002,GUY,Not tested/reported,0.0,0.0,Guyana,28.0,6350.149496
581,2005,NPL,Not tested/reported,0.0,0.0,Nepal,10.0,154.1414916
582,2003,NER,Not tested/reported,0.0,0.0,Niger,2248.0,33279.57772
586,2009,ERI,Yes,1.0,0.0,Eritrea,23.0,1245.649739
587,2008,VNM,Yes,1.0,0.0,Viet Nam,25.0,40.24836025
589,2010,ETH,Yes,1.0,0.0,Ethiopia,1581.0,1125.306473
590,2002,IND,Yes,1.0,0.0,India,973.0,2232.253769
592,2002,KHM,Not tested/reported,0.0,0.0,Cambodia,457.0,2231.6752530000003
596,2012,GAB,Not tested/reported,0.0,0.0,Gabon,134.0,20444.211180000002
597,2000,GTM,Not tested/reported,0.0,0.0,Guatemala,0.0,2065.665584
598,2006,HND,Not tested/reported,0.0,0.0,Honduras,0.0,292.2876126
599,2005,IDN,Not tested/reported,0.0,0.0,Indonesia,88.0,680.8962539
600,2005,MMR,Not tested/reported,0.0,0.0,Myanmar,1707.0,1353.5827199999999
601,2004,NER,Not tested/reported,0.0,0.0,Niger,1333.0,33814.57249
603,2006,SAU,Not tested/reported,0.0,0.0,Saudi Arabia,0.0,0.0
604,2013,SAU,Not tested/reported,0.0,0.0,Saudi Arabia,0.0,0.0
605,2005,SLB,Not tested/reported,0.0,0.0,Solomon Islands,38.0,67031.75515
607,2000,UZB,Not tested/reported,0.0,0.0,Uzbekistan,0.0,0.044497355
609,2009,AFG,Not tested/reported,0.0,0.0,Afghanistan,32.0,1327.750094
610,2008,BWA,Not tested/reported,0.0,0.0,Botswana,12.0,89.61321063
615,2001,GIN,Not tested/reported,0.0,0.0,Guinea,517.0,40349.86954
617,2006,GUY,Not tested/reported,0.0,0.0,Guyana,20.0,4865.829116
619,2013,MRT,Not tested/reported,0.0,0.0,Mauritania,25.0,3765.684422
620,2010,NPL,Not tested/reported,0.0,0.0,Nepal,6.0,45.08952019
621,2008,RWA,Not tested/reported,0.0,0.0,Rwanda,566.0,17676.92917
622,2007,STP,Not tested/reported,0.0,0.0,Sao Tome and Principe,3.0,10218.55157
624,2005,VUT,Not tested/reported,0.0,0.0,Vanuatu,5.0,28237.431160000004
627,2003,TJK,Not tested/reported,0.0,0.0,Tajikistan,0.0,1804.187916
628,2013,TJK,Not tested/reported,0.0,0.0,Tajikistan,0.0,0.21904808399999998
629,2002,TUR,Not tested/reported,0.0,0.0,Turkey,0.0,8.639036857
630,2012,TUR,Not tested/reported,0.0,0.0,Turkey,0.0,1.1999999999999998e-33
631,2006,AGO,Not tested/reported,0.0,0.0,Angola,10220.0,23299.44568
632,2010,BGD,Not tested/reported,0.0,0.0,Bangladesh,37.0,132.491229
633,2001,BTN,Not tested/reported,0.0,0.0,Bhutan,14.0,1722.631319
634,2013,CAF,Not tested/reported,0.0,0.0,Central African Republic,1026.0,32056.85517
636,2006,GAB,Not tested/reported,0.0,0.0,Gabon,238.0,16501.27055
641,2002,MMR,Not tested/reported,0.0,0.0,Myanmar,2634.0,1348.631283
642,2003,STP,Not tested/reported,0.0,0.0,Sao Tome and Principe,193.0,18045.095119999998
643,2004,TJK,Not tested/reported,0.0,0.0,Tajikistan,0.0,2334.792155
644,2003,THA,Not tested/reported,0.0,0.0,Thailand,204.0,115.69715929999998
646,2009,TZA,Not tested/reported,0.0,650.0,United Republic of Tanzania,16776.0,16821.24018
647,2011,ARG,Not tested/reported,0.0,0.0,Argentina,0.0,1.3699999999999998e-17
648,2002,BGD,Not tested/reported,0.0,0.0,Bangladesh,598.0,746.3916891
650,2000,ECU,Not tested/reported,0.0,0.0,Ecuador,66.0,1523.05178
651,2003,HND,Not tested/reported,0.0,0.0,Honduras,0.0,494.18060269999995
654,2003,MMR,Not tested/reported,0.0,0.0,Myanmar,2476.0,1350.090967
655,2011,PHL,Not tested/reported,0.0,0.0,Philippines,12.0,27.82172653
656,2013,PHL,Not tested/reported,0.0,0.0,Philippines,12.0,13.64772918
658,2010,SLB,Not tested/reported,0.0,0.0,Solomon Islands,34.0,16907.48025
659,2000,SUR,Not tested/reported,0.0,0.0,Suriname,24.0,4338.127523
660,2007,SWZ,Not tested/reported,0.0,0.0,Swaziland,17.0,100.86285040000001
661,2010,TLS,Not tested/reported,0.0,0.0,Timor-Leste,58.0,8634.962422
662,2010,TUR,Not tested/reported,0.0,0.0,Turkey,0.0,0.014360033999999999
663,2008,ARG,Not tested/reported,0.0,0.0,Argentina,0.0,0.15694929300000002
664,2013,BTN,Not tested/reported,0.0,0.0,Bhutan,0.0,18.74687894
665,2008,BOL,Not tested/reported,0.0,0.0,Bolivia (Plurinational State of),0.0,184.266082
666,2010,CHN,Not tested/reported,0.0,0.0,China,19.0,1.266875655
667,2013,COL,Not tested/reported,0.0,0.0,Colombia,10.0,174.2412302
670,2011,GNB,Not tested/reported,0.0,0.0,Guinea-Bissau,472.0,8698.792841
672,2011,NER,Not tested/reported,0.0,0.0,Niger,2802.0,39533.80548
673,2006,SLB,Not tested/reported,0.0,0.0,Solomon Islands,12.0,50077.39377
674,2001,ZAF,Not tested/reported,0.0,0.0,South Africa,81.0,670.3448864
675,2009,ZAF,Not tested/reported,0.0,0.0,South Africa,45.0,329.0522101
676,2008,LKA,Not tested/reported,0.0,0.0,Sri Lanka,0.0,10.18563444
677,2005,TZA,Not tested/reported,0.0,0.0,United Republic of Tanzania,18322.0,24317.31711
678,2005,VNM,Not tested/reported,0.0,0.0,Viet Nam,18.0,50.34578463
679,2007,AZE,Not tested/reported,0.0,0.0,Azerbaijan,0.0,0.9507420879999999
680,2004,BTN,Not tested/reported,0.0,0.0,Bhutan,7.0,638.8727886
681,2002,BWA,Not tested/reported,0.0,0.0,Botswana,23.0,158.52415919999999
683,2003,DOM,Not tested/reported,0.0,0.0,Dominican Republic,12.0,51.76498936
684,2012,HND,Not tested/reported,0.0,0.0,Honduras,1.0,101.61900379999999
685,2010,IDN,Not tested/reported,0.0,4000.0,Indonesia,432.0,874.1618336000001
688,2002,NIC,Not tested/reported,0.0,0.0,Nicaragua,8.0,507.7254839
689,2005,STP,Not tested/reported,0.0,0.0,Sao Tome and Principe,85.0,16792.42189
690,2008,SAU,Not tested/reported,0.0,0.0,Saudi Arabia,0.0,0.0
691,2012,BRA,Yes,1.0,0.0,Brazil,60.0,220.878684
692,2006,MDG,Yes,1.0,0.0,Madagascar,441.0,18916.90868
693,2009,SDN,Yes,1.0,0.0,Sudan,1142.0,3621.5286979999996
695,2013,MLI,Yes,1.0,0.0,Mali,1680.0,38860.06834
696,2002,SWZ,Yes,1.0,0.0,Swaziland,46.0,185.00074640000003
697,2011,BEN,Yes,1.0,0.0,Benin,1753.0,31045.12683
698,2012,MWI,Yes,1.0,268420.0,Malawi,5516.0,34502.78729
699,2005,BLZ,Not tested/reported,0.0,0.0,Belize,0.0,1389.7860449999998
700,2011,CMR,Not tested/reported,0.0,0.0,Cameroon,3808.0,25940.80855
704,2011,IND,Not tested/reported,0.0,7200.0,India,754.0,1542.3159269999999
706,2007,NIC,Not tested/reported,0.0,3500.0,Nicaragua,0.0,73.36613842
707,2007,PER,Not tested/reported,0.0,0.0,Peru,2.0,333.9798048
708,2011,SLE,Not tested/reported,0.0,0.0,Sierra Leone,3573.0,42152.4568
710,2007,SUR,Not tested/reported,0.0,0.0,Suriname,1.0,1552.058087
711,2012,TLS,Not tested/reported,0.0,0.0,Timor-Leste,3.0,877.4704614
712,2000,TZA,Not tested/reported,0.0,0.0,United Republic of Tanzania,379.0,32395.66115
713,2004,VUT,Not tested/reported,0.0,0.0,Vanuatu,3.0,27943.978239999997
716,2005,ARG,Not tested/reported,0.0,0.0,Argentina,0.0,0.630334406
717,2011,BDI,Not tested/reported,0.0,0.0,Burundi,2233.0,19567.20144
720,2010,DJI,Not tested/reported,0.0,0.0,Djibouti,0.0,206.8261005
721,2005,SLV,Not tested/reported,0.0,0.0,El Salvador,0.0,0.5707015870000001
722,2009,GIN,Not tested/reported,0.0,0.0,Guinea,586.0,39892.88213
723,2013,IDN,Not tested/reported,0.0,0.0,Indonesia,45.0,425.7371547
725,2004,MMR,Not tested/reported,0.0,0.0,Myanmar,1982.0,1351.694278
726,2006,NPL,Not tested/reported,0.0,0.0,Nepal,42.0,120.3443909
729,2012,ECU,Yes,1.0,0.0,Ecuador,1.0,10.28687764
733,2010,NGA,Yes,1.0,0.0,Nigeria,4238.0,34589.499339999995
735,2009,IND,Yes,1.0,0.0,India,1144.0,1750.843234
736,2001,BLZ,Not tested/reported,0.0,0.0,Belize,0.0,1995.0875440000002
737,2000,BTN,Not tested/reported,0.0,0.0,Bhutan,15.0,2396.999017
738,2013,BWA,Not tested/reported,0.0,0.0,Botswana,7.0,41.17804112
741,2007,DJI,Not tested/reported,0.0,0.0,Djibouti,1.0,238.86237000000003
742,2000,HND,Not tested/reported,0.0,0.0,Honduras,0.0,857.6677062000001
744,2003,NAM,Not tested/reported,0.0,0.0,Namibia,1106.0,4282.778872999999
745,2006,PAK,Not tested/reported,0.0,0.0,Pakistan,9.0,1391.367447
746,2008,PRY,Not tested/reported,0.0,0.0,Paraguay,0.0,0.0
747,2009,RWA,Not tested/reported,0.0,0.0,Rwanda,809.0,14376.52066
748,2006,ZAF,Not tested/reported,0.0,0.0,South Africa,87.0,503.5294286
750,2013,THA,Not tested/reported,0.0,0.0,Thailand,47.0,22.82698899
752,2002,AZE,Not tested/reported,0.0,0.0,Azerbaijan,0.0,1.928690232
753,2011,BLZ,Not tested/reported,0.0,0.0,Belize,0.0,44.74636765
754,2005,BFA,Not tested/reported,0.0,0.0,Burkina Faso,5224.0,52346.93095
757,2006,ERI,Not tested/reported,0.0,0.0,Eritrea,47.0,698.5105079
758,2006,HTI,Not tested/reported,0.0,8000.0,Haiti,32.0,1277.337442
759,2009,PRY,Not tested/reported,0.0,0.0,Paraguay,0.0,0.0
760,2013,CIV,Yes,1.0,0.0,Cook Islands,3261.0,31943.20275
761,2011,ETH,Yes,1.0,0.0,Ethiopia,936.0,1096.226594
762,2012,MLI,Yes,1.0,0.0,Mali,1894.0,37528.469039999996
763,2000,LKA,Yes,1.0,0.0,Sri Lanka,77.0,938.5240077
764,2012,UGA,Yes,1.0,0.0,Uganda,6585.0,31592.22094
770,2005,COL,Yes,1.0,0.0,Colombia,87.0,507.1027626
771,2007,SDN,Yes,1.0,10000.0,Sudan,1254.0,4697.715145
772,2007,SDN,Yes,1.0,10000.0,Sudan,1254.0,4697.715145
773,2001,BWA,Not tested/reported,0.0,0.0,Botswana,29.0,231.66996349999997
774,2003,BDI,Not tested/reported,0.0,0.0,Burundi,425.0,30752.11155
775,2004,COM,Not tested/reported,0.0,0.0,Comoros,28.0,4922.339928
777,2008,GNQ,Not tested/reported,0.0,0.0,Equatorial Guinea,4.0,30177.10685
779,2012,HTI,Not tested/reported,0.0,0.0,Haiti,6.0,1317.101722
780,2000,MEX,Not tested/reported,0.0,0.0,Mexico,0.0,15.23083124
782,2010,SUR,Not tested/reported,0.0,0.0,Suriname,1.0,861.0109035
783,2012,VUT,Not tested/reported,0.0,0.0,Vanuatu,0.0,3413.7753869999997
784,2008,AFG,Not tested/reported,0.0,0.0,Afghanistan,46.0,1863.3447039999999
785,2004,BGD,Not tested/reported,0.0,0.0,Bangladesh,505.0,658.0767429
786,2004,BRA,Not tested/reported,0.0,0.0,Brazil,102.0,1070.984635
787,2006,TCD,Not tested/reported,0.0,0.0,Chad,837.0,18589.20941
789,2003,ERI,Not tested/reported,0.0,0.0,Eritrea,79.0,1177.715702
790,2003,GTM,Not tested/reported,0.0,0.0,Guatemala,0.0,1037.996898
796,2002,RWA,Not tested/reported,0.0,0.0,Rwanda,3167.0,21530.39376
798,2012,LBR,Yes,1.0,0.0,Liberia,1725.0,29342.71779
799,2003,LKA,Yes,1.0,0.0,Sri Lanka,4.0,69.21220954
800,2010,VNM,Yes,1.0,0.0,Viet Nam,21.0,34.77535486
802,2013,NER,Yes,1.0,0.0,Niger,2209.0,38168.105039999995
803,2012,MOZ,Yes,1.0,0.0,Mozambique,2818.0,34313.92921
804,2005,IND,Yes,1.0,0.0,India,963.0,2268.3778629999997
805,2013,BEN,Not tested/reported,0.0,0.0,Benin,2288.0,30500.37741
806,2000,BDI,Not tested/reported,0.0,0.0,Burundi,691.0,40659.25843
807,2013,CMR,Not tested/reported,0.0,0.0,Cameroon,4349.0,24722.31061
810,2009,HND,Not tested/reported,0.0,0.0,Honduras,1.0,181.98541819999997
813,2006,RWA,Not tested/reported,0.0,2000.0,Rwanda,2486.0,27182.65561
814,2005,SUR,Not tested/reported,0.0,0.0,Suriname,1.0,2293.8833489999997
815,2004,TUR,Not tested/reported,0.0,0.0,Turkey,0.0,4.215003345
817,2010,BRA,Not tested/reported,0.0,0.0,Brazil,76.0,315.2910823
819,2000,COL,Not tested/reported,0.0,0.0,Colombia,124.0,1004.3060439999999
823,2009,NER,Not tested/reported,0.0,0.0,Niger,2159.0,38989.47771
824,2012,PAN,Not tested/reported,0.0,0.0,Panama,1.0,13.50120386
825,2012,COL,Yes,1.0,0.0,Colombia,24.0,212.949
826,2013,HND,Yes,1.0,0.0,Honduras,1.0,82.23552722
827,2004,VNM,Yes,1.0,0.0,Viet Nam,34.0,70.76381468
828,2005,ETH,Yes,1.0,0.0,Ethiopia,1086.0,8554.938847
830,2010,BLZ,Not tested/reported,0.0,0.0,Belize,0.0,76.66286731
831,2002,TCD,Not tested/reported,0.0,0.0,Chad,98.0,18710.76194
832,2010,GTM,Not tested/reported,0.0,0.0,Guatemala,0.0,153.683592
834,2013,MYS,Not tested/reported,0.0,0.0,Malaysia,14.0,4.648631425
835,2009,NAM,Not tested/reported,0.0,0.0,Namibia,68.0,240.5362332
836,2007,NER,Not tested/reported,0.0,0.0,Niger,1358.0,36611.80576
837,2006,SLE,Not tested/reported,0.0,0.0,Sierra Leone,90.0,41907.99536
838,2004,SUR,Not tested/reported,0.0,0.0,Suriname,7.0,2604.724995
839,2007,TLS,Not tested/reported,0.0,0.0,Timor-Leste,60.0,12429.86514
840,2012,UZB,Not tested/reported,0.0,0.0,Uzbekistan,0.0,1.05e-33
841,2013,AGO,Not tested/reported,0.0,0.0,Angola,7300.0,13629.58001
842,2013,AZE,Not tested/reported,0.0,0.0,Azerbaijan,0.0,2.34e-48
843,2002,BOL,Not tested/reported,0.0,0.0,Bolivia (Plurinational State of),4.0,577.6634422000001
844,2008,KHM,Not tested/reported,0.0,0.0,Cambodia,209.0,711.0946632
845,2010,TCD,Not tested/reported,0.0,0.0,Chad,886.0,15501.642380000001
846,2009,SLV,Not tested/reported,0.0,0.0,El Salvador,0.0,0.35084227799999995
847,2006,MRT,Not tested/reported,0.0,0.0,Mauritania,67.0,6483.537071
848,2013,PER,Not tested/reported,0.0,0.0,Peru,4.0,256.8368711
849,2009,SLE,Not tested/reported,0.0,4000.0,Sierra Leone,1734.0,43454.82275
850,2009,SLE,Not tested/reported,0.0,40000.0,Sierra Leone,1734.0,43454.82275
851,2006,SWZ,Not tested/reported,0.0,0.0,Swaziland,27.0,121.320856
852,2013,ETH,Yes,1.0,0.0,Ethiopia,358.0,1040.859029
853,2010,MOZ,Yes,1.0,0.0,Mozambique,3354.0,35900.69591
854,2012,SEN,Yes,1.0,0.0,Senegal,649.0,8282.433698
855,2008,ETH,Yes,1.0,0.0,Ethiopia,1169.0,2529.867965
856,2013,RWA,Yes,1.0,0.0,Rwanda,409.0,16681.34134
857,2009,MOZ,Yes,1.0,0.0,Mozambique,3747.0,37081.69915
858,2004,IND,Yes,1.0,0.0,India,949.0,2231.535699
859,2011,BOL,Not tested/reported,0.0,0.0,Bolivia (Plurinational State of),0.0,111.46131840000001
861,2013,SLV,Not tested/reported,0.0,0.0,El Salvador,0.0,1.82e-48
863,2010,MYS,Not tested/reported,0.0,0.0,Malaysia,33.0,30.58690867
865,2011,PRY,Not tested/reported,0.0,0.0,Paraguay,0.0,0.0
867,2005,SAU,Not tested/reported,0.0,0.0,Saudi Arabia,0.0,0.0
868,2011,LKA,Not tested/reported,0.0,0.0,Sri Lanka,0.0,4.32e-06
869,2001,TJK,Not tested/reported,0.0,0.0,Tajikistan,0.0,1120.076372
870,2003,UZB,Not tested/reported,0.0,0.0,Uzbekistan,0.0,0.032356765
871,2002,BTN,Not tested/reported,0.0,0.0,Bhutan,11.0,1238.2611869999998
872,2010,BWA,Not tested/reported,0.0,0.0,Botswana,8.0,130.9067565
874,2008,ECU,Not tested/reported,0.0,0.0,Ecuador,5.0,47.62230097
876,2012,MRT,Not tested/reported,0.0,0.0,Mauritania,106.0,3834.3471369999997
877,2008,PAN,Not tested/reported,0.0,0.0,Panama,1.0,35.85747627
879,2010,RWA,Not tested/reported,0.0,0.0,Rwanda,670.0,11760.5948
880,2012,SLB,Not tested/reported,0.0,0.0,Solomon Islands,18.0,13514.61066
881,2008,VNM,Not tested/reported,0.0,0.0,Viet Nam,25.0,40.24836025
883,2012,SDN,Not tested/reported,0.0,0.0,Sudan,618.0,3193.188948
884,2012,TJK,Not tested/reported,0.0,0.0,Tajikistan,0.0,0.411960155
885,2003,TUR,Not tested/reported,0.0,0.0,Turkey,0.0,6.032446335
886,2007,VUT,Not tested/reported,0.0,0.0,Vanuatu,5.0,18178.80586
887,2009,VNM,Not tested/reported,0.0,0.0,Viet Nam,26.0,37.4166259
888,2001,KHM,Not tested/reported,0.0,0.0,Cambodia,476.0,2843.3107019999998
889,2007,CHN,Not tested/reported,0.0,0.0,China,18.0,2.4126091869999997
891,2001,ETH,Not tested/reported,0.0,0.0,Ethiopia,1681.0,8134.150764
894,2008,MMR,Not tested/reported,0.0,0.0,Myanmar,1087.0,1654.4070000000002
896,2004,PER,Not tested/reported,0.0,0.0,Peru,6.0,488.23395120000004
897,2002,STP,Not tested/reported,0.0,0.0,Sao Tome and Principe,321.0,18808.251930000002
898,2011,TJK,Not tested/reported,0.0,0.0,Tajikistan,0.0,0.7805763440000001
899,2001,VNM,Not tested/reported,0.0,0.0,Viet Nam,91.0,196.7982118
902,2011,KEN,Not tested/reported,0.0,2500.0,Kenya,713.0,6661.415336
903,2011,MWI,Not tested/reported,0.0,2000.0,Malawi,6674.0,37084.853339999994
904,2011,MWI,Not tested/reported,0.0,20000.0,Malawi,6674.0,37084.853339999994
907,2004,PRY,Not tested/reported,0.0,0.0,Paraguay,0.0,0.0
908,2005,SWZ,Not tested/reported,0.0,0.0,Swaziland,17.0,145.9133775
911,2007,BOL,Not tested/reported,0.0,0.0,Bolivia (Plurinational State of),0.0,234.1135848
913,2013,DJI,Not tested/reported,0.0,0.0,Djibouti,17.0,562.0250678
915,2007,IND,Not tested/reported,0.0,0.0,India,1311.0,1956.0175190000002
917,2013,SLE,Not tested/reported,0.0,0.0,Sierra Leone,4326.0,38877.08908
918,2008,ZAF,Not tested/reported,0.0,0.0,South Africa,43.0,377.634404
919,2010,SWZ,Not tested/reported,0.0,0.0,Swaziland,8.0,58.03456244
920,2011,THA,Not tested/reported,0.0,0.0,Thailand,43.0,49.39971296
922,2006,VNM,Not tested/reported,0.0,0.0,Viet Nam,41.0,46.6652169
923,2006,BDI,Not tested/reported,0.0,0.0,Burundi,434.0,24817.4301
924,2008,COL,Not tested/reported,0.0,0.0,Colombia,54.0,383.1176846
925,2012,GIN,Not tested/reported,0.0,0.0,Guinea,979.0,38659.470010000005
927,2004,SAU,Not tested/reported,0.0,0.0,Saudi Arabia,0.0,0.0
930,2010,MLI,Yes,1.0,0.0,Mali,3006.0,34936.89295
932,2011,RWA,Yes,1.0,0.0,Rwanda,380.0,13206.40425
933,2013,SEN,Yes,1.0,0.0,Senegal,815.0,7657.337656000001
936,2012,DOM,Yes,1.0,0.0,Dominican Republic,8.0,15.37352797
937,2011,BGD,Not tested/reported,0.0,0.0,Bangladesh,36.0,92.48502627
941,2011,GNQ,Not tested/reported,0.0,0.0,Equatorial Guinea,52.0,25357.71315
942,2009,GUY,Not tested/reported,0.0,0.0,Guyana,20.0,3353.219219
943,2008,LBR,Not tested/reported,0.0,9500.0,Liberia,345.0,34775.17877
944,2008,LBR,Not tested/reported,0.0,10000.0,Liberia,345.0,34775.17877
945,2002,MDG,Not tested/reported,0.0,0.0,Madagascar,575.0,20105.9
948,2010,STP,Not tested/reported,0.0,0.0,Sao Tome and Principe,14.0,5245.429995
951,2006,TUR,Not tested/reported,0.0,0.0,Turkey,0.0,1.014197238
953,2002,VNM,Not tested/reported,0.0,0.0,Viet Nam,50.0,140.05971169999998
954,2001,AZE,Not tested/reported,0.0,0.0,Azerbaijan,0.0,2.162275109
960,2001,NIC,Not tested/reported,0.0,0.0,Nicaragua,2.0,696.5894355
961,2013,KEN,Yes,1.0,0.0,Kenya,360.0,6689.70799
962,2008,TUR,Yes,1.0,0.0,Turkey,3.0,0.12078635
963,2002,ZAF,Yes,1.0,0.0,South Africa,96.0,643.4281317000001
964,2009,ETH,Yes,1.0,0.0,Ethiopia,1121.0,1686.866896
965,2011,MDG,Yes,1.0,0.0,Madagascar,398.0,9470.695531
966,2005,AFG,Not tested/reported,0.0,0.0,Afghanistan,0.0,5152.572311
967,2009,BLZ,Not tested/reported,0.0,0.0,Belize,0.0,136.5725686
968,2007,BFA,Not tested/reported,0.0,0.0,Burkina Faso,6472.0,53425.6263
976,2010,PAN,Not tested/reported,0.0,0.0,Panama,1.0,13.81042562
977,2003,SEN,Not tested/reported,0.0,0.0,Senegal,1602.0,16501.82736
978,2004,SLE,Not tested/reported,0.0,0.0,Sierra Leone,126.0,40986.1428
979,2002,TJK,Not tested/reported,0.0,0.0,Tajikistan,0.0,1417.155682
980,2008,VUT,Not tested/reported,0.0,0.0,Vanuatu,4.0,14573.60425
982,2007,SLV,Not tested/reported,0.0,0.0,El Salvador,0.0,0.447710713
983,2002,GIN,Not tested/reported,0.0,0.0,Guinea,440.0,40572.02773
984,2008,GNB,Not tested/reported,0.0,0.0,Guinea-Bissau,487.0,10025.48973
985,2011,MYS,Not tested/reported,0.0,0.0,Malaysia,18.0,16.31559611
986,2012,NER,Not tested/reported,0.0,0.0,Niger,2825.0,38845.12681
987,2011,PER,Not tested/reported,0.0,0.0,Peru,1.0,216.7626122
989,2011,TZA,Yes,1.0,3500.0,United Republic of Tanzania,11806.0,14825.632430000001
990,2011,TZA,Yes,1.0,320.0,United Republic of Tanzania,11806.0,14825.632430000001
991,2011,TZA,Yes,1.0,19918.0,United Republic of Tanzania,11806.0,14825.632430000001
992,2011,TZA,Yes,1.0,7510.0,United Republic of Tanzania,11806.0,14825.632430000001
993,2010,ERI,Yes,1.0,0.0,Eritrea,27.0,1512.3243009999999
998,2013,GAB,Not tested/reported,0.0,0.0,Gabon,273.0,21221.35555
1002,2009,MEX,Not tested/reported,0.0,0.0,Mexico,0.0,1.9104155719999998
1003,2001,SEN,Not tested/reported,0.0,0.0,Senegal,1515.0,20829.2562
1004,2012,SWZ,Not tested/reported,0.0,0.0,Swaziland,3.0,45.32027322
1005,2006,THA,Not tested/reported,0.0,0.0,Thailand,113.0,69.56171365
1006,2010,TGO,Not tested/reported,0.0,0.0,Togo,1507.0,39231.96215
1007,2003,ARG,Not tested/reported,0.0,0.0,Argentina,1.0,0.80212266
1008,2003,CAF,Not tested/reported,0.0,0.0,Central African Republic,417.0,42111.30346
1009,2012,COM,Not tested/reported,0.0,0.0,Comoros,17.0,3609.794249
1011,2001,NPL,Not tested/reported,0.0,0.0,Nepal,1.0,248.766484
1016,2009,MDG,Yes,1.0,0.0,Madagascar,348.0,11527.21223
1017,2011,BFA,Yes,1.0,0.0,Burkina Faso,7001.0,52614.70156
1018,2012,BDI,Not tested/reported,0.0,0.0,Burundi,2263.0,18384.69133
1019,2009,GNB,Not tested/reported,0.0,0.0,Guinea-Bissau,369.0,9527.667421
1020,2010,NAM,Not tested/reported,0.0,0.0,Namibia,63.0,121.98344809999999
1021,2009,PER,Not tested/reported,0.0,2000.0,Peru,2.0,236.60207999999997
1023,2002,THA,Not tested/reported,0.0,0.0,Thailand,361.0,150.2810365
1026,2007,ZWE,Not tested/reported,0.0,150.0,Zimbabwe,401.0,16718.23555
1027,2008,BTN,Not tested/reported,0.0,0.0,Bhutan,2.0,157.17158569999998
1028,2000,BOL,Not tested/reported,0.0,0.0,Bolivia (Plurinational State of),11.0,766.956146
1031,2007,ERI,Not tested/reported,0.0,0.0,Eritrea,42.0,846.3258609999999
1035,2009,MRT,Not tested/reported,0.0,0.0,Mauritania,91.0,4490.018322
1036,2013,DOM,Yes,1.0,0.0,Dominican Republic,5.0,12.14473064
1037,2013,VNM,Yes,1.0,0.0,Viet Nam,6.0,25.61899496
1040,2006,ARG,Not tested/reported,0.0,0.0,Argentina,0.0,0.396329483
1042,2002,GAB,Not tested/reported,0.0,0.0,Gabon,1141.0,24002.12687
1043,2008,HND,Not tested/reported,0.0,0.0,Honduras,2.0,213.1440587
1044,2011,HND,Not tested/reported,0.0,0.0,Honduras,2.0,125.6273449
1045,2000,PAN,Not tested/reported,0.0,0.0,Panama,1.0,72.36867692
1046,2001,SAU,Not tested/reported,0.0,0.0,Saudi Arabia,0.0,0.0
1047,2005,TJK,Not tested/reported,0.0,0.0,Tajikistan,0.0,3167.807894
1048,2010,THA,Not tested/reported,0.0,0.0,Thailand,80.0,72.67623378
1054,2012,BLZ,Not tested/reported,0.0,0.0,Belize,0.0,26.12043833
1055,2005,CAF,Not tested/reported,0.0,0.0,Central African Republic,668.0,42975.31922
1058,2001,GAB,Not tested/reported,0.0,0.0,Gabon,1693.0,27648.53315
1059,2013,IND,Not tested/reported,0.0,0.0,India,440.0,1351.340917
1060,2008,NAM,Not tested/reported,0.0,0.0,Namibia,152.0,474.3996863
1061,2013,PNG,Not tested/reported,0.0,0.0,Papua New Guinea,307.0,11811.18922
1062,2007,PRY,Not tested/reported,0.0,0.0,Paraguay,0.0,0.0
1063,2004,SLB,Not tested/reported,0.0,0.0,Solomon Islands,51.0,68152.81799
1065,2008,TCD,Yes,1.0,0.0,Chad,1018.0,16976.10372
1067,2007,TUR,Yes,1.0,0.0,Turkey,1.0,0.349588319
1068,2000,TCD,Not tested/reported,0.0,0.0,Chad,712.0,18240.84494
1069,2007,DOM,Not tested/reported,0.0,0.0,Dominican Republic,17.0,48.72968879
1070,2001,GUY,Not tested/reported,0.0,0.0,Guyana,30.0,6656.975254999999
1072,2000,VNM,Not tested/reported,0.0,0.0,Viet Nam,142.0,276.3273643
1073,2000,BLZ,Not tested/reported,0.0,0.0,Belize,0.0,2186.304765
1074,2000,KHM,Not tested/reported,0.0,0.0,Cambodia,608.0,3633.819734
1075,2001,CAF,Not tested/reported,0.0,0.0,Central African Republic,535.0,41182.10362
1076,2013,DOM,Not tested/reported,0.0,0.0,Dominican Republic,5.0,12.14473064
1077,2011,PNG,Not tested/reported,0.0,0.0,Papua New Guinea,523.0,13309.65808
1078,2005,PRY,Not tested/reported,0.0,0.0,Paraguay,0.0,0.0
1079,2011,SAU,Not tested/reported,0.0,0.0,Saudi Arabia,2.0,0.0
1080,2005,SEN,Not tested/reported,0.0,0.0,Senegal,1587.0,13181.555470000001
1081,2001,THA,Not tested/reported,0.0,0.0,Thailand,424.0,195.2664737
1083,2001,SLB,Not tested/reported,0.0,0.0,Solomon Islands,55.0,71776.74248
1084,2003,SLB,Not tested/reported,0.0,0.0,Solomon Islands,71.0,69339.7308
1085,2006,TLS,Not tested/reported,0.0,0.0,Timor-Leste,68.0,14012.86537
1088,2004,ARG,Not tested/reported,0.0,0.0,Argentina,0.0,0.711480934
1089,2012,ARG,Not tested/reported,0.0,0.0,Argentina,0.0,3.2e-33
1091,2012,COL,Not tested/reported,0.0,0.0,Colombia,24.0,212.949
1092,2009,GAB,Not tested/reported,0.0,800.0,Gabon,197.0,18341.79696
1093,2009,IDN,Not tested/reported,0.0,0.0,Indonesia,900.0,771.8939247999999
1097,2008,TLS,Not tested/reported,0.0,0.0,Timor-Leste,33.0,11009.898229999999
1098,2009,TLS,Not tested/reported,0.0,0.0,Timor-Leste,53.0,9745.163428
1099,2011,VNM,Not tested/reported,0.0,0.0,Viet Nam,14.0,31.37761909
1101,2000,CAF,Not tested/reported,0.0,0.0,Central African Republic,439.0,40694.4867
1102,2006,MYS,Not tested/reported,0.0,0.0,Malaysia,21.0,51.57486044
1103,2009,TJK,Not tested/reported,0.0,0.0,Tajikistan,0.0,6.896594319
1104,2013,VNM,Not tested/reported,0.0,0.0,Viet Nam,6.0,25.61899496
1106,2010,AZE,Not tested/reported,0.0,0.0,Azerbaijan,0.0,0.520572168
1107,2008,BLZ,Not tested/reported,0.0,0.0,Belize,0.0,243.60671549999998
1109,2010,COM,Not tested/reported,0.0,0.0,Comoros,53.0,12023.64902
1110,2005,GTM,Not tested/reported,0.0,0.0,Guatemala,4.0,657.7379611
1111,2005,GNB,Not tested/reported,0.0,0.0,Guinea-Bissau,565.0,11690.70302
1114,2005,GHA,Not tested/reported,0.0,0.0,Ghana,2037.0,35732.654160000006
1115,2005,MYS,Not tested/reported,0.0,0.0,Malaysia,33.0,58.69638784
1116,2002,NPL,Not tested/reported,0.0,0.0,Nepal,3.0,220.6442364
1117,2007,NPL,Not tested/reported,0.0,5000.0,Nepal,3.0,93.99377528
1118,2007,NPL,Not tested/reported,0.0,5000.0,Nepal,3.0,93.99377528
1119,2004,SEN,Not tested/reported,0.0,0.0,Senegal,1524.0,14737.08081
1122,2009,BRA,Not tested/reported,0.0,0.0,Brazil,85.0,383.64628619999996
1124,2013,GIN,Not tested/reported,0.0,0.0,Guinea,108.0,38192.6536
1126,2003,PAN,Not tested/reported,0.0,0.0,Panama,4.0,112.3320237
1128,2004,SWZ,Not tested/reported,0.0,0.0,Swaziland,28.0,157.74087839999999
1129,2011,TUR,Not tested/reported,0.0,0.0,Turkey,4.0,4.0099999999999995e-18
1130,2002,UZB,Not tested/reported,0.0,0.0,Uzbekistan,0.0,0.035895189
1132,2011,AGO,Not tested/reported,0.0,0.0,Angola,6909.0,13706.66872
1133,2004,TCD,Not tested/reported,0.0,0.0,Chad,13.0,19200.86076
1134,2004,GAB,Not tested/reported,0.0,0.0,Gabon,466.0,18226.41878
1136,2013,HND,Not tested/reported,0.0,0.0,Honduras,1.0,82.23552722
1137,2007,MYS,Not tested/reported,0.0,0.0,Malaysia,18.0,45.29384283
1138,2009,NPL,Not tested/reported,0.0,0.0,Nepal,8.0,57.50994128
1139,2006,PAN,Not tested/reported,0.0,0.0,Panama,1.0,93.46644657
1140,2013,PRY,Not tested/reported,0.0,0.0,Paraguay,0.0,0.0
1141,2008,CHN,Yes,1.0,0.0,China,23.0,1.93267116
1142,2004,THA,Yes,1.0,0.0,Thailand,230.0,89.12744545
1143,2010,AFG,Yes,1.0,0.0,Afghanistan,22.0,946.2148032
1144,2013,LBR,Yes,1.0,0.0,Liberia,1191.0,27827.264710000003
1146,2010,CIV,Yes,1.0,0.0,Cook Islands,1023.0,46294.17516
1147,2008,AGO,Not tested/reported,0.0,0.0,Angola,9465.0,17849.87516
1148,2008,BGD,Not tested/reported,0.0,0.0,Bangladesh,154.0,245.2469079
1150,2012,GTM,Not tested/reported,0.0,0.0,Guatemala,0.0,99.27501313
1151,2012,IND,Not tested/reported,0.0,0.0,India,519.0,1435.0298109999999
1152,2007,SAU,Not tested/reported,0.0,0.0,Saudi Arabia,2.0,0.0
1153,2002,TZA,Not tested/reported,0.0,0.0,United Republic of Tanzania,815.0,28805.85947
1155,2002,BLZ,Not tested/reported,0.0,0.0,Belize,0.0,1822.258343
1158,2001,DOM,Not tested/reported,0.0,0.0,Dominican Republic,17.0,34.86194129999999
1159,2012,MEX,Not tested/reported,0.0,0.0,Mexico,0.0,0.8857247109999999
1160,2003,PER,Not tested/reported,0.0,0.0,Peru,9.0,505.7394802
1161,2012,CHN,Yes,1.0,0.0,China,14.0,0.002856734
1162,2011,TGO,Yes,1.0,3500.0,Togo,1314.0,38670.85209
1163,2007,VNM,Yes,1.0,0.0,Viet Nam,20.0,43.30913123
1164,2002,LKA,Yes,1.0,0.0,Sri Lanka,30.0,158.6297581
1167,2009,CIV,Yes,1.0,0.0,Cook Islands,18156.0,46972.45721
1168,2012,AFG,Not tested/reported,0.0,0.0,Afghanistan,36.0,1027.073591
1170,2001,HTI,Not tested/reported,0.0,0.0,Haiti,70.0,1187.20941
1173,2004,NPL,Not tested/reported,0.0,0.0,Nepal,7.0,173.6825564
1174,2004,RWA,Not tested/reported,0.0,0.0,Rwanda,2362.0,28626.544039999997
1175,2009,UZB,Not tested/reported,0.0,0.0,Uzbekistan,0.0,0.01314774
1176,2009,ZWE,Not tested/reported,0.0,0.0,Zimbabwe,108.0,14029.36841
1177,2011,BTN,Not tested/reported,0.0,0.0,Bhutan,1.0,47.98082662
1178,2013,GNB,Not tested/reported,0.0,0.0,Guinea-Bissau,418.0,8042.675864
1179,2011,MRT,Not tested/reported,0.0,0.0,Mauritania,77.0,3903.7813479999995
1180,2003,NIC,Not tested/reported,0.0,0.0,Nicaragua,7.0,370.071395
1182,2011,PHL,Yes,1.0,0.0,Philippines,12.0,27.82172653
1183,2013,TGO,Yes,1.0,0.0,Togo,1361.0,37531.38349
1184,2001,BGD,Yes,1.0,0.0,Bangladesh,470.0,794.7553397
1185,2005,KHM,Yes,1.0,0.0,Cambodia,296.0,1073.747989
1187,2000,SEN,Yes,1.0,0.0,Senegal,1275.0,23486.124480000002
1188,2004,CHN,Not tested/reported,0.0,0.0,China,31.0,4.201722707
1189,2008,DOM,Not tested/reported,0.0,0.0,Dominican Republic,11.0,38.81941733
1191,2011,MLI,Not tested/reported,0.0,22000.0,Mali,2128.0,36219.60327
1192,2004,MEX,Not tested/reported,0.0,0.0,Mexico,0.0,5.352627785
1193,2000,SLB,Not tested/reported,0.0,0.0,Solomon Islands,38.0,73063.36001
1195,2008,SWZ,Not tested/reported,0.0,0.0,Swaziland,10.0,83.88531423
1198,2012,BOL,Not tested/reported,0.0,0.0,Bolivia (Plurinational State of),0.0,108.8665328
1201,2013,NIC,Not tested/reported,0.0,0.0,Nicaragua,0.0,24.8944483
1202,2008,ZWE,Yes,1.0,0.0,Zimbabwe,232.0,15309.897330000002
1203,2001,COL,Not tested/reported,0.0,0.0,Colombia,168.0,876.1815028999999
1204,2000,DOM,Not tested/reported,0.0,0.0,Dominican Republic,6.0,28.60197231
1205,2013,STP,Not tested/reported,0.0,0.0,Sao Tome and Principe,11.0,2353.800109
1206,2001,DZA,Not tested/reported,0.0,0.0,Algeria,1.0,0.090795461
1207,2010,BOL,Not tested/reported,0.0,0.0,Bolivia (Plurinational State of),0.0,114.16970479999999
1208,2007,GNB,Not tested/reported,0.0,0.0,Guinea-Bissau,370.0,10551.07693
1209,2001,HND,Not tested/reported,0.0,0.0,Honduras,0.0,713.562154
1210,2008,PNG,Not tested/reported,0.0,0.0,Papua New Guinea,628.0,18312.00937
1211,2006,PHL,Not tested/reported,0.0,0.0,Philippines,124.0,82.71927754
1212,2006,TCD,Yes,1.0,0.0,Chad,837.0,18589.20941
1214,2008,MDG,Yes,1.0,0.0,Madagascar,355.0,13570.99293
1215,2005,ZAF,Yes,1.0,0.0,South Africa,63.0,584.635458
1216,2000,BGD,Yes,1.0,0.0,Bangladesh,484.0,846.3799333999999
1218,2003,BOL,Not tested/reported,0.0,0.0,Bolivia (Plurinational State of),1.0,501.4058651
1220,2008,MEX,Not tested/reported,0.0,0.0,Mexico,0.0,2.257794473
1221,2012,PHL,Not tested/reported,0.0,0.0,Philippines,16.0,19.4539566
1222,2007,SLB,Not tested/reported,0.0,0.0,Solomon Islands,15.0,37736.936389999995
1223,2000,SDN,Not tested/reported,0.0,0.0,Sudan,2162.0,6960.570804000001
1224,2007,THA,Not tested/reported,0.0,0.0,Thailand,97.0,70.37690938
1225,2008,TZA,Not tested/reported,0.0,0.0,United Republic of Tanzania,12434.0,18423.74382
1227,2010,SAU,Not tested/reported,0.0,0.0,Saudi Arabia,0.0,0.0
1228,2013,VUT,Not tested/reported,0.0,0.0,Vanuatu,0.0,2065.609266
1231,2011,KHM,Not tested/reported,0.0,0.0,Cambodia,94.0,481.0918307
1232,2002,GTM,Not tested/reported,0.0,0.0,Guatemala,0.0,1304.699165
1233,2013,HTI,Not tested/reported,0.0,0.0,Haiti,10.0,989.6989945
1236,2005,LKA,Not tested/reported,0.0,0.0,Sri Lanka,0.0,18.52096856
1237,2012,THA,Not tested/reported,0.0,0.0,Thailand,37.0,33.57917999
1238,2007,BGD,Not tested/reported,0.0,0.0,Bangladesh,228.0,333.7015233
1240,2013,MMR,Not tested/reported,0.0,0.0,Myanmar,236.0,708.1371176
1241,2008,TJK,Not tested/reported,0.0,0.0,Tajikistan,0.0,31.95330775
1242,2013,TLS,Not tested/reported,0.0,0.0,Timor-Leste,3.0,279.4675122
1243,2010,VUT,Not tested/reported,0.0,0.0,Vanuatu,1.0,9362.907087
1244,2012,BTN,Not tested/reported,0.0,0.0,Bhutan,1.0,29.98504737
1245,2005,KHM,Not tested/reported,0.0,0.0,Cambodia,296.0,1073.747989
1246,2005,IND,Not tested/reported,0.0,0.0,India,963.0,2268.3778629999997
1248,2003,SUR,Not tested/reported,0.0,0.0,Suriname,18.0,2957.509395
1249,2008,THA,Not tested/reported,0.0,0.0,Thailand,101.0,71.16710040000001
1250,2003,VNM,Not tested/reported,0.0,0.0,Viet Nam,50.0,99.57561392
1254,2011,GTM,Yes,1.0,0.0,Guatemala,0.0,123.43343329999999
1255,2000,BGD,Not tested/reported,0.0,0.0,Bangladesh,484.0,846.3799333999999
1257,2010,HTI,Not tested/reported,0.0,0.0,Haiti,8.0,2335.37167
1260,2006,NER,Not tested/reported,0.0,0.0,Niger,1150.0,35463.27738
1261,2010,ZAF,Not tested/reported,0.0,0.0,South Africa,83.0,288.1127631
1262,2012,LKA,Not tested/reported,0.0,0.0,Sri Lanka,0.0,7.38e-12
1263,2007,TGO,Not tested/reported,0.0,0.0,Togo,1236.0,42714.14064
1265,2008,AZE,Not tested/reported,0.0,0.0,Azerbaijan,0.0,0.7783381429999999
1274,2009,AGO,Yes,1.0,0.0,Angola,10530.0,15650.28813
1275,2004,KHM,Yes,1.0,0.0,Cambodia,382.0,1368.6133300000001
1276,2009,UGA,Yes,1.0,40000.0,Uganda,6296.0,41460.7722
1277,2009,UGA,Yes,1.0,2000.0,Uganda,6296.0,41460.7722
1278,2009,UGA,Yes,1.0,1000.0,Uganda,6296.0,41460.7722
1279,2009,UGA,Yes,1.0,150.0,Uganda,6296.0,41460.7722
1280,2009,UGA,Yes,1.0,300.0,Uganda,6296.0,41460.7722
1281,2009,UGA,Yes,1.0,600.0,Uganda,6296.0,41460.7722
1282,2006,ETH,Yes,1.0,6000.0,Ethiopia,1357.0,5697.262817
1286,2003,KEN,Not tested/reported,0.0,0.0,Kenya,51842.0,15727.422380000002
1287,2011,MEX,Not tested/reported,0.0,0.0,Mexico,0.0,1.1175614520000001
1288,2006,SEN,Not tested/reported,0.0,0.0,Senegal,1678.0,12392.22123
1289,2006,UZB,Not tested/reported,0.0,0.0,Uzbekistan,0.0,0.022123143999999997
1290,2000,VUT,Not tested/reported,0.0,0.0,Vanuatu,3.0,26837.119069999997
1291,2009,DZA,Not tested/reported,0.0,0.0,Algeria,1.0,0.024243821000000002
1292,2012,BEN,Not tested/reported,0.0,0.0,Benin,2261.0,30769.273680000002
1293,2000,BRA,Not tested/reported,0.0,0.0,Brazil,245.0,1528.122408
1294,2007,ECU,Not tested/reported,0.0,0.0,Ecuador,8.0,81.41500477
1295,2001,SLV,Not tested/reported,0.0,0.0,El Salvador,0.0,0.772257376
1296,2005,HTI,Not tested/reported,0.0,0.0,Haiti,29.0,1104.8575039999998
1297,2008,NIC,Not tested/reported,0.0,0.0,Nicaragua,0.0,44.80509543
1298,2005,PHL,Not tested/reported,0.0,0.0,Philippines,145.0,99.31842367
1299,2008,PHL,Not tested/reported,0.0,0.0,Philippines,56.0,57.48074181
1300,2007,ETH,Yes,1.0,10600.0,Ethiopia,991.0,3795.9222590000004
1301,2010,TZA,Yes,1.0,98025.0,United Republic of Tanzania,15867.0,15366.43729
1302,2011,MMR,Yes,1.0,0.0,Myanmar,581.0,1364.394454
1304,2008,IND,Not tested/reported,0.0,20000.0,India,1055.0,1841.7464530000002
1305,2004,NAM,Not tested/reported,0.0,0.0,Namibia,1185.0,3945.02865
1306,2007,PAK,Not tested/reported,0.0,0.0,Pakistan,24.0,1360.9737710000002
1307,2003,SAU,Not tested/reported,0.0,0.0,Saudi Arabia,0.0,0.0
1309,2010,AGO,Not tested/reported,0.0,0.0,Angola,8114.0,13737.911930000002
1310,2013,BOL,Not tested/reported,0.0,0.0,Bolivia (Plurinational State of),0.0,106.3377878
1313,2006,BFA,Yes,1.0,0.0,Burkina Faso,8083.0,52898.31085
1315,2002,HND,Not tested/reported,0.0,0.0,Honduras,0.0,593.8869306
1318,2013,ZAF,Not tested/reported,0.0,0.0,South Africa,105.0,365.9245432
1319,2000,THA,Not tested/reported,0.0,0.0,Thailand,625.0,253.896614
1320,2007,BTN,Not tested/reported,0.0,0.0,Bhutan,2.0,224.6861912
1321,2005,ERI,Not tested/reported,0.0,0.0,Eritrea,49.0,577.107435
1322,2004,GUY,Not tested/reported,0.0,0.0,Guyana,38.0,5773.512763000001
1324,2006,GHA,Yes,1.0,0.0,Ghana,3125.0,35808.37745
1325,2012,GIN,Yes,1.0,0.0,Guinea,979.0,38659.470010000005
1326,2005,VNM,Yes,1.0,0.0,Viet Nam,18.0,50.34578463
1327,2011,VNM,Yes,1.0,0.0,Viet Nam,14.0,31.37761909
1329,2009,MMR,Not tested/reported,0.0,0.0,Myanmar,972.0,1769.7355949999999
1330,2005,PNG,Not tested/reported,0.0,0.0,Papua New Guinea,725.0,27088.045410000002
1332,2009,BTN,Not tested/reported,0.0,0.0,Bhutan,4.0,109.89378400000001
1333,2005,PER,Not tested/reported,0.0,0.0,Peru,4.0,471.3275646000001
1334,2011,CHN,Yes,1.0,0.0,China,33.0,0.002870342
1336,2004,DOM,Not tested/reported,0.0,0.0,Dominican Republic,16.0,63.09181607
1337,2007,SEN,Not tested/reported,0.0,1000.0,Senegal,1935.0,11652.745809999999
1338,2008,SLE,Not tested/reported,0.0,0.0,Sierra Leone,871.0,42987.21153
1339,2003,SWZ,Not tested/reported,0.0,0.0,Swaziland,30.0,170.7462997
1340,2002,VUT,Not tested/reported,0.0,0.0,Vanuatu,13.0,27376.35506
1341,2003,BGD,Not tested/reported,0.0,0.0,Bangladesh,574.0,700.8886092
1342,2011,GTM,Not tested/reported,0.0,0.0,Guatemala,0.0,123.43343329999999
1343,2012,PNG,Not tested/reported,0.0,0.0,Papua New Guinea,381.0,12537.558
1344,2007,TJK,Not tested/reported,0.0,0.0,Tajikistan,0.0,147.9775193
1347,2007,GAB,Not tested/reported,0.0,0.0,Gabon,216.0,17088.92431
1348,2004,IND,Not tested/reported,0.0,0.0,India,949.0,2231.535699
1350,2005,AZE,Not tested/reported,0.0,0.0,Azerbaijan,0.0,1.431952996
1353,2010,PNG,Not tested/reported,0.0,0.0,Papua New Guinea,616.0,14133.527280000002
1354,2009,THA,Not tested/reported,0.0,0.0,Thailand,70.0,71.93468892
1356,2012,VNM,Not tested/reported,0.0,0.0,Viet Nam,8.0,28.33187782
1358,2004,ECU,Not tested/reported,0.0,0.0,Ecuador,37.0,345.1444373
1359,2001,NAM,Not tested/reported,0.0,0.0,Namibia,1728.0,5080.669537
1362,2013,BOL,Yes,1.0,0.0,Bolivia (Plurinational State of),0.0,106.3377878
1363,2012,TZA,Yes,1.0,0.0,United Republic of Tanzania,7820.0,14300.46025
1365,2013,BLZ,Not tested/reported,0.0,0.0,Belize,0.0,15.25129849
1367,2008,GTM,Not tested/reported,0.0,0.0,Guatemala,0.0,274.2800211
1368,2007,PNG,Not tested/reported,0.0,0.0,Papua New Guinea,559.0,20857.16561
1369,2005,BOL,Not tested/reported,0.0,0.0,Bolivia (Plurinational State of),0.0,377.67366810000004
1370,2005,DOM,Not tested/reported,0.0,0.0,Dominican Republic,16.0,76.92820784
1371,2012,ECU,Not tested/reported,0.0,0.0,Ecuador,1.0,10.28687764
1372,2008,HTI,Not tested/reported,0.0,0.0,Haiti,17.0,1718.065156
1373,2012,LBR,Not tested/reported,0.0,0.0,Liberia,1725.0,29342.71779
1375,2007,PHL,Yes,1.0,0.0,Philippines,73.0,69.01064324
1376,2011,CMR,Yes,1.0,0.0,Cameroon,3808.0,25940.80855
1381,2007,ZAF,Not tested/reported,0.0,0.0,South Africa,37.0,435.257579
1382,2007,LKA,Not tested/reported,0.0,0.0,Sri Lanka,1.0,12.42510682
1388,2013,BRA,Yes,1.0,0.0,Brazil,41.0,191.9065365
1390,2009,IDN,Yes,1.0,0.0,Indonesia,900.0,771.8939247999999
1391,2003,BRA,Not tested/reported,0.0,0.0,Brazil,104.0,1159.670379
1392,2006,CHN,Not tested/reported,0.0,0.0,China,37.0,3.030754018
1393,2009,COL,Not tested/reported,0.0,0.0,Colombia,28.0,348.9987988
1394,2012,GNB,Not tested/reported,0.0,0.0,Guinea-Bissau,370.0,8361.072587999999
1395,2004,PHL,Not tested/reported,0.0,0.0,Philippines,167.0,101.7055488
1396,2013,SDN,Not tested/reported,0.0,0.0,Sudan,685.0,3197.988329
1397,2002,SUR,Not tested/reported,0.0,0.0,Suriname,15.0,3358.870982
1399,2012,BGD,Not tested/reported,0.0,0.0,Bangladesh,11.0,64.6340574
1400,2012,BRA,Not tested/reported,0.0,0.0,Brazil,60.0,220.878684
1401,2012,BFA,Not tested/reported,0.0,0.0,Burkina Faso,7963.0,50460.307089999995
1403,2011,NIC,Not tested/reported,0.0,0.0,Nicaragua,1.0,19.07372623
1404,2003,RWA,Not tested/reported,0.0,0.0,Rwanda,2679.0,24595.46487
1405,2008,GHA,Yes,1.0,3200.0,Ghana,3889.0,36001.90913
1406,2008,GHA,Yes,1.0,12000.0,Ghana,3889.0,36001.90913
1407,2008,GHA,Yes,1.0,8000.0,Ghana,3889.0,36001.90913
1408,2008,GHA,Yes,1.0,400.0,Ghana,3889.0,36001.90913
1409,2005,SDN,Yes,1.0,0.0,Sudan,1789.0,6100.562585000001
1410,2001,SDN,Not tested/reported,0.0,0.0,Sudan,2252.0,6790.57685
1411,2001,VUT,Not tested/reported,0.0,0.0,Vanuatu,4.0,27100.63235
1414,2002,PER,Not tested/reported,0.0,0.0,Peru,12.0,523.8387164
1415,2007,BDI,Yes,1.0,10000.0,Burundi,167.0,23728.62858
1416,2007,BDI,Yes,1.0,10000.0,Burundi,167.0,23728.62858
1417,2013,PER,Yes,1.0,0.0,Peru,4.0,256.8368711
1419,2008,UGA,Yes,1.0,4700.0,Uganda,2372.0,42260.95476
1420,2008,UGA,Yes,1.0,100.0,Uganda,2372.0,42260.95476
1421,2008,UGA,Yes,1.0,2000.0,Uganda,2372.0,42260.95476
1422,2008,UGA,Yes,1.0,2300.0,Uganda,2372.0,42260.95476
1423,2008,UGA,Yes,1.0,900.0,Uganda,2372.0,42260.95476
1424,2008,UGA,Yes,1.0,10200.0,Uganda,2372.0,42260.95476
1425,2008,UGA,Yes,1.0,400.0,Uganda,2372.0,42260.95476
1426,2008,UGA,Yes,1.0,500.0,Uganda,2372.0,42260.95476
1427,2008,UGA,Yes,1.0,300.0,Uganda,2372.0,42260.95476
1428,2013,ZWE,Yes,1.0,0.0,Zimbabwe,352.0,10830.25775
1429,2004,ZAF,Not tested/reported,0.0,0.0,South Africa,88.0,601.9516491
1432,2005,UZB,Not tested/reported,0.0,0.0,Uzbekistan,0.0,0.026395493
1433,2001,BRA,Not tested/reported,0.0,0.0,Brazil,142.0,1383.955051
1434,2011,CHN,Not tested/reported,0.0,0.0,China,33.0,0.002870342
1436,2007,RWA,Not tested/reported,0.0,0.0,Rwanda,1772.0,21857.98706
1437,2012,TGO,Yes,1.0,0.0,Togo,1197.0,38100.4864
1440,2004,TLS,Not tested/reported,0.0,0.0,Timor-Leste,65.0,12027.84188
1442,2004,ERI,Not tested/reported,0.0,0.0,Eritrea,24.0,821.0813399
1443,2000,HTI,Not tested/reported,0.0,0.0,Haiti,16.0,1218.010446
1444,2013,MWI,Not tested/reported,0.0,154230.0,Malawi,3723.0,32114.36102
1445,2001,UZB,Not tested/reported,0.0,0.0,Uzbekistan,0.0,0.039901461
1446,2006,STP,Not tested/reported,0.0,6000.0,Sao Tome and Principe,26.0,13036.54681
1447,2003,LKA,Not tested/reported,0.0,0.0,Sri Lanka,4.0,69.21220954
1448,2009,ERI,Not tested/reported,0.0,0.0,Eritrea,23.0,1245.649739
1449,2002,SLE,Not tested/reported,0.0,0.0,Sierra Leone,461.0,40506.0869
1450,2009,LBR,Not tested/reported,0.0,0.0,Liberia,1706.0,33674.828160000005
1452,2010,NGA,Not tested/reported,0.0,0.0,Nigeria,4238.0,34589.499339999995
1454,2013,MDG,Yes,1.0,0.0,Madagascar,641.0,8827.518218000001
1456,2010,UGA,Not tested/reported,0.0,450.0,Uganda,8431.0,40661.8756
1457,2010,UGA,Not tested/reported,0.0,250.0,Uganda,8431.0,40661.8756
1458,2010,UGA,Not tested/reported,0.0,1800.0,Uganda,8431.0,40661.8756
1459,2012,AGO,Not tested/reported,0.0,0.0,Angola,5736.0,13670.53253
1461,2001,GIN,Yes,1.0,0.0,Guinea,517.0,40349.86954
1462,2001,ETH,Yes,1.0,0.0,Ethiopia,1681.0,8134.150764
1464,2011,AZE,Not tested/reported,0.0,0.0,Azerbaijan,0.0,8.040000000000001e-17
1465,2006,DJI,Not tested/reported,0.0,0.0,Djibouti,29.0,250.8510497
1466,2012,SUR,Not tested/reported,0.0,0.0,Suriname,0.0,395.64963450000005
1467,2005,TLS,Not tested/reported,0.0,0.0,Timor-Leste,71.0,15780.863440000001
1468,2011,AGO,Yes,1.0,0.0,Angola,6909.0,13706.66872
1469,2007,BWA,Not tested/reported,0.0,0.0,Botswana,6.0,74.16980815
1470,2001,PNG,Not tested/reported,0.0,0.0,Papua New Guinea,562.0,29807.665719999997
1471,2009,SUR,Not tested/reported,0.0,0.0,Suriname,0.0,1047.403484
1472,2011,BRA,Not tested/reported,0.0,0.0,Brazil,70.0,260.6033122
1473,2010,NIC,Not tested/reported,0.0,0.0,Nicaragua,1.0,16.72087712
1474,2011,SUR,Not tested/reported,0.0,0.0,Suriname,1.0,583.3405182
1475,2013,SUR,Not tested/reported,0.0,0.0,Suriname,1.0,268.5132359
1476,2013,PHL,Yes,1.0,0.0,Philippines,12.0,13.64772918
1477,2013,LKA,Not tested/reported,0.0,0.0,Sri Lanka,0.0,1.29e-17
1478,2009,PAN,Not tested/reported,0.0,0.0,Panama,0.0,22.23838176
1479,2004,KHM,Not tested/reported,0.0,0.0,Cambodia,382.0,1368.6133300000001
1481,2000,LKA,Not tested/reported,0.0,0.0,Sri Lanka,77.0,938.5240077
1483,2006,IND,Not tested/reported,0.0,0.0,India,1708.0,2096.725548
1484,2007,BDI,Not tested/reported,0.0,10000.0,Burundi,167.0,23728.62858
1485,2007,BDI,Not tested/reported,0.0,10000.0,Burundi,167.0,23728.62858
1487,2007,TZA,Not tested/reported,0.0,2020.0,United Republic of Tanzania,12593.0,20196.04189
1488,2010,AFG,Not tested/reported,0.0,0.0,Afghanistan,22.0,946.2148032
1489,2005,ETH,Not tested/reported,0.0,0.0,Ethiopia,1086.0,8554.938847
1492,2010,AGO,No,0.0,0.0,Angola,8114.0,13737.911930000002
1493,2006,BFA,Not tested/reported,0.0,0.0,Burkina Faso,8083.0,52898.31085
1494,2002,IND,Not tested/reported,0.0,0.0,India,973.0,2232.253769
1495,2009,IND,Not tested/reported,0.0,0.0,India,1144.0,1750.843234
1496,2005,ZAF,Not tested/reported,0.0,0.0,South Africa,63.0,584.635458
1497,2005,THA,Not tested/reported,0.0,0.0,Thailand,161.0,68.72001408
1504,2013,COL,No,0.0,0.0,Colombia,10.0,174.2412302
1510,2009,AGO,No,0.0,0.0,Angola,10530.0,15650.28813
1511,2013,AGO,No,0.0,0.0,Angola,7300.0,13629.58001
1513,2011,TJK,No,0.0,0.0,Tajikistan,0.0,0.7805763440000001
1514,2011,MMR,No,0.0,0.0,Myanmar,581.0,1364.394454
1515,2009,PNG,No,0.0,20000.0,Papua New Guinea,604.0,16082.576280000001
1517,2005,VNM,No,0.0,0.0,Viet Nam,18.0,50.34578463
1519,2011,BFA,No,0.0,0.0,Burkina Faso,7001.0,52614.70156
1520,2009,TLS,No,0.0,0.0,Timor-Leste,53.0,9745.163428
1521,2013,UGA,No,0.0,2100.0,Uganda,7277.0,27901.25283
1522,2007,SDN,No,0.0,10000.0,Sudan,1254.0,4697.715145
1523,2007,SDN,No,0.0,10000.0,Sudan,1254.0,4697.715145
1524,2005,TZA,No,0.0,0.0,United Republic of Tanzania,18322.0,24317.31711
1526,2007,VNM,No,0.0,0.0,Viet Nam,20.0,43.30913123
1528,2013,TGO,No,0.0,0.0,Togo,1361.0,37531.38349
1529,2012,UGA,No,0.0,0.0,Uganda,6585.0,31592.22094
1530,2006,PHL,No,0.0,0.0,Philippines,124.0,82.71927754
1531,2005,SDN,No,0.0,0.0,Sudan,1789.0,6100.562585000001
1532,2007,PHL,No,0.0,0.0,Philippines,73.0,69.01064324
1533,2004,TZA,No,0.0,0.0,United Republic of Tanzania,19859.0,25714.39688
1535,2008,ZWE,No,0.0,0.0,Zimbabwe,232.0,15309.897330000002
1537,2008,MDG,No,0.0,0.0,Madagascar,355.0,13570.99293
1538,2007,GAB,No,0.0,0.0,Gabon,216.0,17088.92431
1541,2009,GNQ,No,0.0,0.0,Equatorial Guinea,23.0,27115.22163
1543,2011,IDN,No,0.0,0.0,Indonesia,388.0,643.5208173
1544,2004,KEN,No,0.0,0.0,Kenya,25403.0,14399.577080000001
1546,2013,ZWE,No,0.0,0.0,Zimbabwe,352.0,10830.25775
1549,2006,BTN,No,0.0,0.0,Bhutan,7.0,320.99778310000005
1551,2011,GNQ,No,0.0,0.0,Equatorial Guinea,52.0,25357.71315
1552,2012,KEN,No,0.0,0.0,Kenya,785.0,6655.115268
1553,2014,CAF, Not tested/reported,0.0,0.0,Central African Republic,635.0,30957.37564
1554,2014,TGO, Not tested/reported,0.0,0.0,Togo,1205.0,36973.200319999996
1555,2014,BFA, Not tested/reported,0.0,0.0,Burkina Faso,5632.0,46265.87603
1556,2014,CIV, Not tested/reported,0.0,0.0,Cook Islands,2069.0,28348.25938
1557,2014,COM, Not tested/reported,0.0,0.0,Comoros,0.0,1086.773147
1558,2014,SWZ, Not tested/reported,0.0,0.0,Swaziland,4.0,35.68272332
1559,2014,TZA, Not tested/reported,0.0,0.0,United Republic of Tanzania,5373.0,13296.56115
1560,2014,NER, Not tested/reported,0.0,0.0,Niger,2691.0,37505.73427
1562,2014,HTI, Not tested/reported,0.0,0.0,Haiti,9.0,743.734824
1563,2014,NIC, Not tested/reported,0.0,0.0,Nicaragua,0.0,28.46763189
1564,2014,PAN, Not tested/reported,0.0,0.0,Panama,0.0,13.49424384
1565,2014,PRY, Not tested/reported,0.0,0.0,Paraguay,0.0,0.0
1566,2014,PER, Not tested/reported,0.0,0.0,Peru,4.0,279.560006
1567,2014,MEX, Not tested/reported,0.0,0.0,Mexico,0.0,0.599392588
1569,2014,PAK, Not tested/reported,0.0,0.0,Pakistan,56.0,692.5893582
1570,2014,AZE, Not tested/reported,0.0,0.0,Azerbaijan,0.0,4.659999999999999e-64
1571,2014,GEO, Not tested/reported,0.0,0.0,Georgia,0.0,0.0
1572,2014,BTN, Not tested/reported,0.0,0.0,Bhutan,0.0,11.72356932
1573,2014,DZA, Not tested/reported,0.0,0.0,Algeria,0.0,0.042499795
1575,2014,MYS, Not tested/reported,0.0,0.0,Malaysia,9.0,2.483753075
1578,2014,ZAF,No,0.0,0.0,South Africa,174.0,396.9834464
1579,2014,AGO,No,0.0,0.0,Angola,5714.0,13584.2646
1580,2014,TZA,No,0.0,0.0,United Republic of Tanzania,5373.0,13296.56115
1581,2014,IDN,No,0.0,0.0,Indonesia,64.0,382.2732514
1582,2014,TLS,No,0.0,0.0,Timor-Leste,1.0,88.95987307
1583,2014,MDG,Yes,1.0,0.0,Madagascar,551.0,8526.095452
1584,2014,MWI,Yes,1.0,290770.0,Malawi,4490.0,29896.752889999996
1585,2014,NGA,Yes,1.0,0.0,Nigeria,6082.0,31628.109
1586,2014,GHA,Yes,1.0,0.0,Ghana,2200.0,31560.981669999997
1588,2014,AFG,Yes,1.0,0.0,Afghanistan,32.0,1116.536807
1589,2014,COL,Yes,1.0,0.0,Colombia,17.0,142.5690467
1590,2014,IND,Yes,1.0,0.0,India,561.0,1288.241428
1591,2014,MMR,Yes,1.0,0.0,Myanmar,92.0,509.9954947
1632,2009,SLB,Not tested/reported,0.0,0.0,Solomon Islands,53.0,21945.154140000002
1633,2010,MOZ,Not tested/reported,0.0,0.0,Mozambique,3354.0,35900.69591
1634,2012,SAU,Not tested/reported,0.0,0.0,Saudi Arabia,0.0,0.0
1635,2009,CHN,Not tested/reported,0.0,0.0,China,10.0,1.558454628
1638,2007,MOZ,Not tested/reported,0.0,0.0,Mozambique,5816.0,39459.0746
1639,2012,CHN,Not tested/reported,0.0,0.0,China,14.0,0.002856734
1640,2000,SEN,Not tested/reported,0.0,0.0,Senegal,1275.0,23486.124480000002
1641,2011,MMR,Not tested/reported,0.0,0.0,Myanmar,581.0,1364.394454
1645,2006,ETH,No,0.0,6000.0,Ethiopia,1357.0,5697.262817
1648,2011,SWZ,No,0.0,0.0,Swaziland,1.0,51.23037805
1649,2010,TZA,No,0.0,98025.0,United Republic of Tanzania,15867.0,15366.43729
1650,2005,ETH,No,0.0,0.0,Ethiopia,1086.0,8554.938847
1652,2013,RWA,No,0.0,0.0,Rwanda,409.0,16681.34134
1658,2013,TCD,No,0.0,0.0,Chad,1881.0,14647.34358
1659,2010,GNQ,No,0.0,0.0,Equatorial Guinea,30.0,24390.178659999998
1660,2010,MLI,No,0.0,0.0,Mali,3006.0,34936.89295
1661,2001,IND,No,0.0,0.0,India,1015.0,2266.171766
1662,2013,NIC,No,0.0,0.0,Nicaragua,0.0,24.8944483
1663,2006,TCD,No,0.0,0.0,Chad,837.0,18589.20941
1664,2013,MOZ,No,0.0,0.0,Mozambique,2941.0,33493.938610000005
1666,2011,TZA,No,0.0,3500.0,United Republic of Tanzania,11806.0,14825.632430000001
1667,2011,TZA,No,0.0,320.0,United Republic of Tanzania,11806.0,14825.632430000001
1668,2011,TZA,No,0.0,19918.0,United Republic of Tanzania,11806.0,14825.632430000001
1669,2011,TZA,No,0.0,7510.0,United Republic of Tanzania,11806.0,14825.632430000001
1670,2007,MOZ,No,0.0,0.0,Mozambique,5816.0,39459.0746
1671,2011,ZWE,No,0.0,0.0,Zimbabwe,451.0,12135.29749
1672,2008,GAB,No,0.0,0.0,Gabon,156.0,17700.79076
1673,2012,ZWE,No,0.0,0.0,Zimbabwe,351.0,11458.83577
1674,2010,GHA,No,0.0,0.0,Ghana,3859.0,36287.97794
1675,2012,GHA,No,0.0,0.0,Ghana,2855.0,33942.6852
1676,2005,GNB,No,0.0,0.0,Guinea-Bissau,565.0,11690.70302
1677,2010,NIC,No,0.0,0.0,Nicaragua,1.0,16.72087712
1678,2012,NIC,No,0.0,0.0,Nicaragua,2.0,21.78255088
1679,2005,THA,No,0.0,0.0,Thailand,161.0,68.72001408
1680,2010,LBR,No,0.0,0.0,Liberia,1422.0,32664.1802
1681,2013,MLI,No,0.0,0.0,Mali,1680.0,38860.06834
1682,2010,SLE,No,0.0,10560.0,Sierra Leone,8188.0,43845.83058
1685,2005,KHM,No,0.0,0.0,Cambodia,296.0,1073.747989
1686,2001,ETH,No,0.0,0.0,Ethiopia,1681.0,8134.150764
1687,2007,TZA,No,0.0,2020.0,United Republic of Tanzania,12593.0,20196.04189
1689,2013,KEN,No,0.0,0.0,Kenya,360.0,6689.70799
1690,2001,NPL,No,0.0,0.0,Nepal,1.0,248.766484
1691,2011,UGA,No,0.0,700.0,Uganda,5958.0,35819.00935
1692,2011,UGA,No,0.0,870.0,Uganda,5958.0,35819.00935
1693,2011,UGA,No,0.0,1400.0,Uganda,5958.0,35819.00935
1694,2011,UGA,No,0.0,1300.0,Uganda,5958.0,35819.00935
1695,2011,UGA,No,0.0,1300.0,Uganda,5958.0,35819.00935
1696,2011,UGA,No,0.0,2830.0,Uganda,5958.0,35819.00935
1698,2014,NAM, Not tested/reported,0.0,0.0,Namibia,61.0,255.14967090000002
1699,2014,SLE, Not tested/reported,0.0,0.0,Sierra Leone,2848.0,37327.14806
1701,2014,GHA, Not tested/reported,0.0,0.0,Ghana,2200.0,31560.981669999997
1702,2014,STP, Not tested/reported,0.0,0.0,Sao Tome and Principe,0.0,1808.466821
1703,2014,ZAF, Not tested/reported,0.0,0.0,South Africa,174.0,396.9834464
1705,2014,SUR, Not tested/reported,0.0,0.0,Suriname,0.0,182.2901306
1706,2014,SLV, Not tested/reported,0.0,0.0,El Salvador,0.0,3.9899999999999995e-64
1708,2014,GTM, Not tested/reported,0.0,0.0,Guatemala,1.0,64.35343214
1709,2014,HND, Not tested/reported,0.0,0.0,Honduras,2.0,66.57605583
1710,2014,TUR, Not tested/reported,0.0,0.0,Turkey,1.0,1.4199999999999997e-64
1711,2014,BGD, Not tested/reported,0.0,0.0,Bangladesh,45.0,31.6673146
1713,2014,IDN, Not tested/reported,0.0,0.0,Indonesia,64.0,382.2732514
1714,2014,LKA, Not tested/reported,0.0,0.0,Sri Lanka,0.0,2.28e-23
1715,2014,NPL, Not tested/reported,0.0,0.0,Nepal,0.0,58.536250300000006
1716,2014,CHN, Not tested/reported,0.0,0.0,China,24.0,0.005281487
1717,2014,VUT, Not tested/reported,0.0,0.0,Vanuatu,0.0,1250.46943
1718,2014,KHM, Not tested/reported,0.0,0.0,Cambodia,18.0,346.4558029
1719,2014,LBR,No,0.0,0.0,Liberia,2288.0,26390.58516
1720,2014,NGA,No,0.0,0.0,Nigeria,6082.0,31628.109
1721,2014,MOZ,No,0.0,0.0,Mozambique,3245.0,32666.190469999998
1722,2014,NAM,No,0.0,0.0,Namibia,61.0,255.14967090000002
1723,2014,DOM,No,0.0,0.0,Dominican Republic,4.0,9.599337274
1725,2014,SEN,Yes,1.0,0.0,Senegal,500.0,7078.098279999999
1726,2014,ZMB,Yes,1.0,0.0,Zambia,3257.0,17724.3158
1727,2014,GIN,Yes,1.0,0.0,Guinea,1067.0,37719.65121
1728,2014,LBR,Yes,1.0,0.0,Liberia,2288.0,26390.58516
1729,2014,MOZ,Yes,1.0,0.0,Mozambique,3245.0,32666.190469999998
1730,2014,UGA,Yes,1.0,0.0,Uganda,5921.0,24671.79326
1731,2014,ZWE,Yes,1.0,0.0,Zimbabwe,406.0,10244.096
1732,2014,KHM,Yes,1.0,0.0,Cambodia,18.0,346.4558029
1752,2012,DOM,Not tested/reported,0.0,0.0,Dominican Republic,8.0,15.37352797
1753,2008,ETH,Not tested/reported,0.0,0.0,Ethiopia,1169.0,2529.867965
1754,2010,IND,Not tested/reported,0.0,0.0,India,1018.0,1680.9402670000002
1755,2004,SDN,Not tested/reported,0.0,0.0,Sudan,1814.0,6272.665277
1756,2011,ZWE,Not tested/reported,0.0,0.0,Zimbabwe,451.0,12135.29749
1758,2006,MDG,Not tested/reported,0.0,0.0,Madagascar,441.0,18916.90868
1759,2011,PAK,Not tested/reported,0.0,0.0,Pakistan,4.0,1094.14846
1762,2007,ETH,Not tested/reported,0.0,10600.0,Ethiopia,991.0,3795.9222590000004
1765,2012,BTN,No,0.0,0.0,Bhutan,1.0,29.98504737
1766,2008,MOZ,No,0.0,0.0,Mozambique,4424.0,38264.9436
1768,2012,LBR,No,0.0,0.0,Liberia,1725.0,29342.71779
1769,2011,MOZ,No,0.0,0.0,Mozambique,3086.0,35118.19546
1770,2004,TZA,Not tested/reported,0.0,0.0,United Republic of Tanzania,19859.0,25714.39688
1771,2009,SLB,No,0.0,0.0,Solomon Islands,53.0,21945.154140000002
1774,2008,CHN,No,0.0,0.0,China,23.0,1.93267116
1775,2012,MWI,No,0.0,268420.0,Malawi,5516.0,34502.78729
1776,2000,SDN,No,0.0,0.0,Sudan,2162.0,6960.570804000001
1778,2004,THA,No,0.0,0.0,Thailand,230.0,89.12744545
1779,2000,BGD,No,0.0,0.0,Bangladesh,484.0,846.3799333999999
1781,2003,IND,No,0.0,0.0,India,1006.0,2220.371419
1785,2012,MDG,No,0.0,0.0,Madagascar,552.0,9142.642446
1786,2011,NIC,No,0.0,0.0,Nicaragua,1.0,19.07372623
1787,2007,TUR,No,0.0,0.0,Turkey,1.0,0.349588319
1790,2011,AGO,No,0.0,0.0,Angola,6909.0,13706.66872
1791,2011,COL,No,0.0,0.0,Colombia,23.0,260.1983981
1792,2012,DOM,No,0.0,0.0,Dominican Republic,8.0,15.37352797
1793,2006,BDI,No,0.0,0.0,Burundi,434.0,24817.4301
1794,2012,AGO,No,0.0,0.0,Angola,5736.0,13670.53253
1795,2008,TCD,No,0.0,0.0,Chad,1018.0,16976.10372
1797,2009,PAN,No,0.0,0.0,Panama,0.0,22.23838176
1798,2009,SEN,No,0.0,13450.0,Senegal,574.0,10300.6947
1799,2009,SEN,No,0.0,40000.0,Senegal,574.0,10300.6947
1800,2009,SEN,No,0.0,6550.0,Senegal,574.0,10300.6947
1801,2009,IDN,No,0.0,0.0,Indonesia,900.0,771.8939247999999
1803,2012,SAU,No,0.0,0.0,Saudi Arabia,0.0,0.0
1804,2003,THA,No,0.0,0.0,Thailand,204.0,115.69715929999998
1805,2004,IDN,No,0.0,0.0,Indonesia,508.0,628.3236299
1806,2009,BFA,No,0.0,1500.0,Burkina Faso,7982.0,54375.32431
1807,2009,BFA,No,0.0,2000.0,Burkina Faso,7982.0,54375.32431
1808,2009,BFA,No,0.0,40000.0,Burkina Faso,7982.0,54375.32431
1809,2014,AGO, Not tested/reported,0.0,0.0,Angola,5714.0,13584.2646
1810,2014,BDI, Not tested/reported,0.0,0.0,Burundi,2974.0,16220.51065
1811,2014,GNB, Not tested/reported,0.0,0.0,Guinea-Bissau,357.0,7742.302622
1812,2014,MRT, Not tested/reported,0.0,0.0,Mauritania,19.0,3698.0427560000003
1813,2014,ARG, Not tested/reported,0.0,0.0,Argentina,0.0,2.3199999999999995e-64
1815,2014,GUY, Not tested/reported,0.0,0.0,Guyana,11.0,3558.39017
1816,2014,SOM, Not tested/reported,0.0,0.0,Somalia,14.0,4369.350654
1818,2014,SAU, Not tested/reported,0.0,0.0,Saudi Arabia,0.0,0.0
1819,2014,TJK, Not tested/reported,0.0,0.0,Tajikistan,0.0,0.117386875
1820,2014,MMR, Not tested/reported,0.0,0.0,Myanmar,92.0,509.9954947
1821,2014,THA, Not tested/reported,0.0,0.0,Thailand,38.0,15.52018476
1822,2014,SLB, Not tested/reported,0.0,0.0,Solomon Islands,23.0,10827.72212
1823,2014,PNG, Not tested/reported,0.0,0.0,Papua New Guinea,203.0,11126.6172
1824,2014,VNM, Not tested/reported,0.0,0.0,Viet Nam,6.0,23.27901972
1825,2014,CAF,No,0.0,0.0,Central African Republic,635.0,30957.37564
1827,2014,MWI,No,0.0,290770.0,Malawi,4490.0,29896.752889999996
1828,2014,SEN,No,0.0,0.0,Senegal,500.0,7078.098279999999
1829,2014,NPL,No,0.0,0.0,Nepal,0.0,58.536250300000006
1830,2014,BEN,Yes,1.0,0.0,Benin,1869.0,30242.1118
1831,2014,ETH,Yes,1.0,0.0,Ethiopia,213.0,1014.579009
1832,2014,TCD,Yes,1.0,0.0,Chad,1720.0,14370.405830000002
1833,2014,BFA,Yes,1.0,0.0,Burkina Faso,5632.0,46265.87603
1834,2014,KEN,Yes,1.0,0.0,Kenya,472.0,6768.111712999999
1835,2014,CAF,Yes,1.0,0.0,Central African Republic,635.0,30957.37564
1837,2014,HND,Yes,1.0,0.0,Honduras,2.0,66.57605583
1838,2014,UZB,Yes,1.0,0.0,Uzbekistan,0.0,1.36e-64
1860,2006,ETH,Not tested/reported,0.0,6000.0,Ethiopia,1357.0,5697.262817
1861,2012,MMR,Not tested/reported,0.0,0.0,Myanmar,403.0,983.0483987
1862,2003,KHM,Not tested/reported,0.0,0.0,Cambodia,492.0,1748.8586269999998
1863,2001,IND,Not tested/reported,0.0,0.0,India,1015.0,2266.171766
1864,2013,SLB,Not tested/reported,0.0,0.0,Solomon Islands,18.0,12094.66772
1865,2004,THA,Not tested/reported,0.0,0.0,Thailand,230.0,89.12744545
1866,2008,TUR,Not tested/reported,0.0,0.0,Turkey,3.0,0.12078635
1867,2007,VNM,Not tested/reported,0.0,0.0,Viet Nam,20.0,43.30913123
1872,2010,AZE,No,0.0,0.0,Azerbaijan,0.0,0.520572168
1873,2002,ETH,No,0.0,0.0,Ethiopia,1607.0,8232.710571
1874,2010,RWA,No,0.0,0.0,Rwanda,670.0,11760.5948
1880,2013,LBR,No,0.0,0.0,Liberia,1191.0,27827.264710000003
1881,2012,TZA,No,0.0,0.0,United Republic of Tanzania,7820.0,14300.46025
1882,2006,UGA,Not tested/reported,0.0,2000.0,Uganda,4252.0,43874.95177
1883,2006,UGA,Not tested/reported,0.0,10000.0,Uganda,4252.0,43874.95177
1885,2002,BWA,No,0.0,0.0,Botswana,23.0,158.52415919999999
1886,2013,HTI,No,0.0,0.0,Haiti,10.0,989.6989945
1887,2013,MDG,No,0.0,0.0,Madagascar,641.0,8827.518218000001
1888,2013,IDN,No,0.0,0.0,Indonesia,45.0,425.7371547
1889,2006,SLB,No,0.0,0.0,Solomon Islands,12.0,50077.39377
1891,2006,VNM,No,0.0,0.0,Viet Nam,41.0,46.6652169
1894,2011,TGO,No,0.0,3500.0,Togo,1314.0,38670.85209
1897,2011,GHA,No,0.0,1200.0,Ghana,3259.0,35107.9251
1898,2011,GHA,No,0.0,300.0,Ghana,3259.0,35107.9251
1899,2010,MDG,No,0.0,0.0,Madagascar,427.0,9810.490018999999
1902,2002,SWZ,No,0.0,0.0,Swaziland,46.0,185.00074640000003
1904,2012,COL,No,0.0,0.0,Colombia,24.0,212.949
1905,2002,SEN,No,0.0,0.0,Senegal,1226.0,18517.107180000003
1908,2012,VNM,No,0.0,0.0,Viet Nam,8.0,28.33187782
1910,2011,BEN,No,0.0,0.0,Benin,1753.0,31045.12683
1913,2014,BWA, Not tested/reported,0.0,0.0,Botswana,22.0,28.04614863
1914,2014,UGA, Not tested/reported,0.0,0.0,Uganda,5921.0,24671.79326
1915,2014,GAB, Not tested/reported,0.0,0.0,Gabon,159.0,22042.28443
1916,2014,BLZ, Not tested/reported,0.0,0.0,Belize,0.0,8.907199644
1918,2014,KEN,No,0.0,0.0,Kenya,472.0,6768.111712999999
1919,2014,NIC,No,0.0,0.0,Nicaragua,0.0,28.46763189
1920,2014,MMR,No,0.0,0.0,Myanmar,92.0,509.9954947
1921,2014,TZA,Yes,1.0,0.0,United Republic of Tanzania,5373.0,13296.56115
1951,2005,BDI,Not tested/reported,0.0,0.0,Burundi,776.0,25991.79596
1952,2011,COL,Not tested/reported,0.0,0.0,Colombia,23.0,260.1983981
1954,2008,MOZ,Not tested/reported,0.0,0.0,Mozambique,4424.0,38264.9436
1955,2010,ERI,Not tested/reported,0.0,0.0,Eritrea,27.0,1512.3243009999999
1960,2006,GAB,No,0.0,0.0,Gabon,238.0,16501.27055
1961,2001,NAM,No,0.0,0.0,Namibia,1728.0,5080.669537
1962,2012,TJK,No,0.0,0.0,Tajikistan,0.0,0.411960155
1963,2000,THA,No,0.0,0.0,Thailand,625.0,253.896614
1966,2005,MYS,No,0.0,0.0,Malaysia,33.0,58.69638784
1967,2013,SLB,No,0.0,0.0,Solomon Islands,18.0,12094.66772
1968,2011,ECU,No,0.0,0.0,Ecuador,2.0,12.95476117
1969,2009,LBR,No,0.0,0.0,Liberia,1706.0,33674.828160000005
1970,2011,SEN,No,0.0,0.0,Senegal,472.0,8956.404243
1971,2013,GNQ,No,0.0,0.0,Equatorial Guinea,66.0,27426.749310000003
1974,2001,BGD,No,0.0,0.0,Bangladesh,470.0,794.7553397
1975,2008,GHA,No,0.0,3200.0,Ghana,3889.0,36001.90913
1976,2008,GHA,No,0.0,12000.0,Ghana,3889.0,36001.90913
1977,2008,GHA,No,0.0,8000.0,Ghana,3889.0,36001.90913
1978,2008,GHA,No,0.0,400.0,Ghana,3889.0,36001.90913
1979,2005,COL,No,0.0,0.0,Colombia,87.0,507.1027626
1982,2013,GHA,No,0.0,0.0,Ghana,2506.0,32763.55783
1983,2009,UGA,No,0.0,40000.0,Uganda,6296.0,41460.7722
1984,2009,UGA,No,0.0,2000.0,Uganda,6296.0,41460.7722
1985,2009,UGA,No,0.0,1000.0,Uganda,6296.0,41460.7722
1986,2009,UGA,No,0.0,150.0,Uganda,6296.0,41460.7722
1987,2009,UGA,No,0.0,300.0,Uganda,6296.0,41460.7722
1988,2009,UGA,No,0.0,600.0,Uganda,6296.0,41460.7722
1991,2009,GHA,No,0.0,1000.0,Ghana,3378.0,36134.81426
1993,2011,BRA,No,0.0,0.0,Brazil,70.0,260.6033122
1995,2000,LKA,No,0.0,0.0,Sri Lanka,77.0,938.5240077
1996,2013,NER,No,0.0,0.0,Niger,2209.0,38168.105039999995
1997,2014,BEN, Not tested/reported,0.0,0.0,Benin,1869.0,30242.1118
1998,2014,RWA, Not tested/reported,0.0,0.0,Rwanda,496.0,18757.13849
1999,2014,MDG, Not tested/reported,0.0,0.0,Madagascar,551.0,8526.095452
2000,2014,DOM, Not tested/reported,0.0,0.0,Dominican Republic,4.0,9.599337274
2002,2014,IND, Not tested/reported,0.0,0.0,India,561.0,1288.241428
2003,2014,RWA,No,0.0,0.0,Rwanda,496.0,18757.13849
2004,2014,COM,No,0.0,0.0,Comoros,0.0,1086.773147
2005,2014,UZB,No,0.0,0.0,Uzbekistan,0.0,1.36e-64
2006,2014,BDI,Yes,1.0,0.0,Burundi,2974.0,16220.51065
2007,2014,MLI,Yes,1.0,0.0,Mali,2309.0,40208.439210000004
2008,2014,SDN,Yes,1.0,0.0,Sudan,823.0,3202.121305
2009,2014,BGD,Yes,1.0,0.0,Bangladesh,45.0,31.6673146
2027,2011,SWZ,Not tested/reported,0.0,0.0,Swaziland,1.0,51.23037805
2031,2010,MLI,Not tested/reported,0.0,0.0,Mali,3006.0,34936.89295
2033,2005,SDN,Not tested/reported,0.0,0.0,Sudan,1789.0,6100.562585000001
2034,2011,GTM,No,0.0,0.0,Guatemala,0.0,123.43343329999999
2035,2002,GIN,No,0.0,0.0,Guinea,440.0,40572.02773
2036,2005,BDI,No,0.0,0.0,Burundi,776.0,25991.79596
2037,2007,TJK,No,0.0,0.0,Tajikistan,0.0,147.9775193
2038,2009,MOZ,No,0.0,0.0,Mozambique,3747.0,37081.69915
2039,2010,ETH,No,0.0,0.0,Ethiopia,1581.0,1125.306473
2041,2007,GHA,No,0.0,5200.0,Ghana,4622.0,35896.71909
2042,2007,GHA,No,0.0,10000.0,Ghana,4622.0,35896.71909
2043,2010,MOZ,No,0.0,0.0,Mozambique,3354.0,35900.69591
2045,2009,ERI,No,0.0,0.0,Eritrea,23.0,1245.649739
2046,2012,GNQ,No,0.0,0.0,Equatorial Guinea,77.0,26363.095680000002
2047,2010,CIV,No,0.0,0.0,Cook Islands,1023.0,46294.17516
2048,2007,ETH,No,0.0,10600.0,Ethiopia,991.0,3795.9222590000004
2049,2012,RWA,No,0.0,0.0,Rwanda,459.0,14839.13858
2050,2009,BTN,No,0.0,0.0,Bhutan,4.0,109.89378400000001
2051,2011,BTN,No,0.0,0.0,Bhutan,1.0,47.98082662
2052,2012,MMR,No,0.0,0.0,Myanmar,403.0,983.0483987
2053,2012,MOZ,No,0.0,0.0,Mozambique,2818.0,34313.92921
2054,2008,UGA,No,0.0,4700.0,Uganda,2372.0,42260.95476
2055,2008,UGA,No,0.0,100.0,Uganda,2372.0,42260.95476
2056,2008,UGA,No,0.0,2000.0,Uganda,2372.0,42260.95476
2057,2008,UGA,No,0.0,2300.0,Uganda,2372.0,42260.95476
2058,2008,UGA,No,0.0,900.0,Uganda,2372.0,42260.95476
2059,2008,UGA,No,0.0,10200.0,Uganda,2372.0,42260.95476
2060,2008,UGA,No,0.0,400.0,Uganda,2372.0,42260.95476
2061,2008,UGA,No,0.0,500.0,Uganda,2372.0,42260.95476
2062,2008,UGA,No,0.0,300.0,Uganda,2372.0,42260.95476
2069,2007,BTN,No,0.0,0.0,Bhutan,2.0,224.6861912
2070,2011,RWA,No,0.0,0.0,Rwanda,380.0,13206.40425
2071,2014,COL, Not tested/reported,0.0,0.0,Colombia,17.0,142.5690467
2073,2014,BOL, Not tested/reported,0.0,0.0,Bolivia (Plurinational State of),1.0,103.86650290000001
2074,2014,BRA, Not tested/reported,0.0,0.0,Brazil,36.0,171.05993480000004
2076,2014,PHL, Not tested/reported,0.0,0.0,Philippines,10.0,9.625657972
2077,2014,UGA,No,0.0,0.0,Uganda,5921.0,24671.79326
2078,2014,GHA,No,0.0,0.0,Ghana,2200.0,31560.981669999997
2080,2014,COL,No,0.0,0.0,Colombia,17.0,142.5690467
2087,2006,COL,Not tested/reported,0.0,0.0,Colombia,77.0,461.76660250000003
2092,2008,GAB,Not tested/reported,0.0,0.0,Gabon,156.0,17700.79076
2093,2007,PHL,Not tested/reported,0.0,0.0,Philippines,73.0,69.01064324
2094,2006,BTN,Not tested/reported,0.0,0.0,Bhutan,7.0,320.99778310000005
2096,2012,TGO,Not tested/reported,0.0,0.0,Togo,1197.0,38100.4864
2097,2010,BTN,No,0.0,0.0,Bhutan,2.0,76.82286517
2100,2013,MMR,No,0.0,0.0,Myanmar,236.0,708.1371176
2101,2009,SDN,No,0.0,0.0,Sudan,1142.0,3621.5286979999996
2102,2013,VUT,No,0.0,0.0,Vanuatu,0.0,2065.609266
2103,2011,VNM,No,0.0,0.0,Viet Nam,14.0,31.37761909
2104,2012,SEN,No,0.0,0.0,Senegal,649.0,8282.433698
2105,2009,TGO,No,0.0,0.0,Togo,1556.0,40368.92827
2106,2010,ZAF,No,0.0,0.0,South Africa,83.0,288.1127631
2107,2006,SDN,No,0.0,5000.0,Sudan,1193.0,5352.673874
2108,2010,KEN,No,0.0,0.0,Kenya,26017.0,6707.072572
2109,2010,VNM,Not tested/reported,0.0,0.0,Viet Nam,21.0,34.77535486
2110,2011,TCD,No,0.0,0.0,Chad,1220.0,15215.2938
2111,2013,SUR,No,0.0,0.0,Suriname,1.0,268.5132359
2112,2004,VNM,Not tested/reported,0.0,0.0,Viet Nam,34.0,70.76381468
2113,2004,IND,No,0.0,0.0,India,949.0,2231.535699
2114,2014,ZWE,No,0.0,0.0,Zimbabwe,406.0,10244.096
2115,2014,BEN,No,0.0,0.0,Benin,1869.0,30242.1118
2116,2014,TCD,No,0.0,0.0,Chad,1720.0,14370.405830000002
2117,2014,ZMB,No,0.0,0.0,Zambia,3257.0,17724.3158
2118,2014,NPL,Yes,1.0,0.0,Nepal,0.0,58.536250300000006
2121,2013,PAK,Not tested/reported,0.0,0.0,Pakistan,244.0,806.3115457
2122,2002,SWZ,Not tested/reported,0.0,0.0,Swaziland,46.0,185.00074640000003
2124,2002,LKA,Not tested/reported,0.0,0.0,Sri Lanka,30.0,158.6297581
2125,2011,AFG,Not tested/reported,0.0,0.0,Afghanistan,40.0,985.4917497000001
2126,2001,BGD,Not tested/reported,0.0,0.0,Bangladesh,470.0,794.7553397
2127,2007,TUR,Not tested/reported,0.0,0.0,Turkey,1.0,0.349588319
2129,2000,SEN,No,0.0,0.0,Senegal,1275.0,23486.124480000002
2130,2002,NAM,No,0.0,0.0,Namibia,1504.0,4659.656693999999
2131,2009,MDG,No,0.0,0.0,Madagascar,348.0,11527.21223
2132,2011,MDG,No,0.0,0.0,Madagascar,398.0,9470.695531
2133,2008,ZWE,Not tested/reported,0.0,0.0,Zimbabwe,232.0,15309.897330000002
2134,2008,BTN,No,0.0,0.0,Bhutan,2.0,157.17158569999998
2135,2002,TCD,No,0.0,0.0,Chad,98.0,18710.76194
2136,2006,GHA,No,0.0,0.0,Ghana,3125.0,35808.37745
2138,2006,MDG,No,0.0,0.0,Madagascar,441.0,18916.90868
2140,2013,HND,No,0.0,0.0,Honduras,1.0,82.23552722
2141,2008,CIV,No,0.0,0.0,Cook Islands,1249.0,47658.91602
2142,2004,GHA,No,0.0,0.0,Ghana,1575.0,36504.007110000006
2143,2005,SAU,No,0.0,0.0,Saudi Arabia,0.0,0.0
2144,2013,SEN,No,0.0,0.0,Senegal,815.0,7657.337656000001
2145,2006,MYS,No,0.0,0.0,Malaysia,21.0,51.57486044
2147,2013,PHL,No,0.0,0.0,Philippines,12.0,13.64772918
2149,2009,BEN,No,0.0,0.0,Benin,1375.0,32836.849369999996
2150,2010,TZA,Not tested/reported,0.0,98025.0,United Republic of Tanzania,15867.0,15366.43729
2152,2005,MEX,No,0.0,0.0,Mexico,0.0,4.655145962
2153,2014,KEN, Not tested/reported,0.0,0.0,Kenya,472.0,6768.111712999999
2154,2014,GIN, Not tested/reported,0.0,0.0,Guinea,1067.0,37719.65121
2155,2014,ZWE, Not tested/reported,0.0,0.0,Zimbabwe,406.0,10244.096
2157,2014,STP,No,0.0,0.0,Sao Tome and Principe,0.0,1808.466821
2158,2014,MLI,No,0.0,0.0,Mali,2309.0,40208.439210000004
2159,2014,HTI,No,0.0,0.0,Haiti,9.0,743.734824
2160,2014,BRA,No,0.0,0.0,Brazil,36.0,171.05993480000004
2162,2014,RWA,Yes,1.0,0.0,Rwanda,496.0,18757.13849
